South,21,16,23,16
South,3,0,-1,-1
South,5,8,4,6
South,24,21,25,24
South,9,3,8,0
South,30,13,31,12
South,31,1,-1,-1
South,2,24,1,30
South,19,24,19,30
South,2,0,-1,-1
South,0,10,-1,-1
South,24,12,26,11
South,27,3,28,0
South,10,7,10,6
South,28,15,30,15
South,26,31,-1,-1
South,1,30,-1,-1
South,27,27,-1,-1
South,17,16,17,16
South,24,19,26,19
South,8,7,7,5
South,19,10,19,9
South,26,17,28,17
South,12,9,12,9
South,6,7,5,5
South,5,30,-1,-1
South,7,26,-1,-1
South,26,25,-1,-1
South,1,22,0,25
South,0,13,-1,-1
South,23,22,24,25
South,13,7,13,6
South,9,22,8,25
South,10,24,10,30
South,16,8,16,8
South,25,26,-1,-1
South,17,25,-1,-1
South,13,25,-1,-1
South,28,9,29,8
South,22,4,23,1
South,26,0,-1,-1
South,17,29,-1,-1
South,19,22,19,25
South,15,13,15,13
South,30,14,31,13
South,30,20,31,23
South,4,4,3,1
South,3,2,2,0
South,19,23,19,29
South,8,12,7,10
South,7,11,6,8
South,28,23,29,29
South,27,30,-1,-1
South,9,4,8,1
South,20,28,-1,-1
South,1,17,0,17
South,29,29,-1,-1
South,27,8,28,6
South,13,31,-1,-1
South,23,17,25,17
South,29,18,31,18
South,25,16,27,16
South,20,5,20,3
South,21,25,-1,-1
South,6,27,-1,-1
South,16,15,16,15
South,15,23,15,29
South,21,15,23,15
South,22,7,23,5
South,20,7,20,6
South,14,21,15,24
South,27,0,-1,-1
South,16,11,16,11
South,23,24,24,30
South,12,25,-1,-1
South,0,20,-1,-1
South,28,26,-1,-1
South,7,25,-1,-1
South,4,12,3,10
South,21,26,-1,-1
South,16,16,16,16
South,8,16,5,16
South,11,30,-1,-1
South,17,19,17,19
South,30,27,-1,-1
South,20,13,21,13
South,12,5,12,3
South,4,11,3,8
South,5,6,4,3
South,10,23,10,29
South,28,31,-1,-1
South,28,10,29,8
South,26,30,-1,-1
South,19,6,17,8
South,12,0,-1,-1
South,4,20,3,23
South,18,19,18,19
South,0,2,-1,-1
South,9,26,-1,-1
South,11,7,11,6
South,11,24,11,30
South,4,15,2,15
South,11,1,-1,-1
South,28,14,30,13
South,1,27,-1,-1
South,17,15,17,15
South,28,2,29,0
South,11,16,10,16
South,26,27,-1,-1
South,11,15,10,15
South,29,5,30,2
South,12,4,12,2
South,2,2,1,0
South,15,9,15,9
South,23,29,-1,-1
South,11,21,11,24
South,24,26,-1,-1
South,26,2,27,0
South,27,15,29,15
South,30,26,-1,-1
South,30,5,31,2
South,5,10,4,8
South,7,19,5,19
South,6,8,5,6
South,4,29,-1,-1
South,4,18,2,18
South,6,2,5,0
South,15,21,15,24
South,25,24,26,30
South,22,27,-1,-1
South,11,22,11,25
South,21,17,23,19
South,30,3,31,0
South,26,12,28,11
South,24,0,-1,-1
South,7,18,5,18
South,31,26,-1,-1
South,28,16,30,16
South,3,14,1,13
South,30,29,-1,-1
South,9,21,8,24
South,30,8,31,6
South,8,25,-1,-1
South,14,6,14,5
South,31,9,-1,-1
South,19,4,19,2
South,3,21,2,24
South,22,19,24,19
South,13,12,13,12
South,9,11,8,8
South,25,11,26,9
South,24,27,-1,-1
South,27,31,-1,-1
South,24,6,25,3
South,15,1,-1,-1
South,21,23,22,29
South,3,25,-1,-1
South,3,24,2,30
South,24,4,25,1
South,18,2,18,0
South,11,2,11,0
South,10,17,9,18
South,7,9,6,8
South,4,1,-1,-1
South,24,28,-1,-1
South,31,25,-1,-1
South,3,13,1,11
South,6,0,-1,-1
South,16,28,-1,-1
South,13,22,13,25
South,12,7,12,6
South,19,8,19,8
South,1,25,-1,-1
South,26,22,27,25
South,13,14,13,14
South,26,3,27,0
South,25,4,26,1
South,22,14,24,13
South,9,8,8,6
South,5,23,4,29
South,17,31,-1,-1
South,23,27,-1,-1
South,2,25,-1,-1
South,19,16,20,16
South,1,14,0,13
South,17,20,17,23
South,16,20,16,23
South,5,24,4,30
South,23,13,25,12
South,19,26,-1,-1
South,14,3,14,1
South,6,30,-1,-1
South,26,19,28,19
South,0,31,-1,-1
South,24,9,25,8
South,16,22,15,25
South,10,15,9,15
South,29,2,30,0
South,26,1,-1,-1
South,29,26,-1,-1
South,7,7,6,5
South,9,2,8,0
South,9,5,8,2
South,23,19,25,19
South,31,14,-1,-1
South,2,6,1,3
South,8,14,5,13
South,1,18,0,18
South,11,26,-1,-1
South,15,25,-1,-1
South,29,1,-1,-1
South,20,10,20,9
South,9,16,7,16
South,9,25,-1,-1
South,13,13,13,13
South,3,29,-1,-1
South,20,26,-1,-1
South,23,0,-1,-1
South,10,8,10,8
South,2,1,-1,-1
South,10,3,10,1
South,0,25,-1,-1
South,22,17,24,17
South,13,11,13,11
South,27,22,28,25
South,14,8,14,8
South,18,25,-1,-1
South,9,19,8,23
South,6,25,-1,-1
South,17,3,17,1
South,1,31,-1,-1
South,11,14,10,14
South,4,7,3,5
South,19,12,20,12
South,30,19,31,19
South,20,8,20,8
South,3,11,2,8
South,6,17,4,17
South,12,14,12,14
South,21,14,23,13
South,20,4,20,2
South,2,10,1,8
South,14,19,14,19
South,18,27,-1,-1
South,2,18,0,18
South,19,0,-1,-1
South,4,23,3,29
South,27,26,-1,-1
South,19,13,20,13
South,10,29,-1,-1
South,31,10,-1,-1
South,5,14,3,13
South,12,6,12,5
South,12,1,-1,-1
South,5,5,4,2
South,26,23,27,29
South,21,18,23,19
South,14,22,15,25
South,29,22,30,25
South,18,11,18,11
South,24,14,26,13
South,15,6,15,5
South,0,28,-1,-1
South,19,3,19,1
South,19,30,-1,-1
South,14,10,14,10
South,17,6,17,5
South,1,0,-1,-1
South,29,23,30,29
South,7,10,6,8
South,23,25,-1,-1
South,24,30,-1,-1
South,21,8,22,6
South,4,19,2,19
South,29,11,30,9
South,22,26,-1,-1
South,24,24,25,30
South,3,20,2,23
South,7,4,6,1
South,22,10,23,8
South,13,24,-1,-1
South,31,27,-1,-1
South,17,8,17,8
South,31,31,-1,-1
South,30,17,31,17
South,12,22,12,25
South,17,17,17,17
South,15,22,15,25
South,23,15,25,15
South,9,7,8,5
South,12,19,12,19
South,18,22,18,25
South,30,7,31,5
South,7,15,5,15
South,10,2,10,0
South,30,11,31,9
South,16,19,16,19
South,23,3,24,0
South,18,6,18,5
South,21,2,22,0
South,25,12,27,11
South,13,0,-1,-1
South,22,2,23,0
South,19,11,19,10
South,3,4,2,1
South,5,18,3,18
South,16,7,16,6
South,30,21,31,24
South,20,21,20,24
South,30,31,-1,-1
South,13,19,13,19
South,2,14,0,13
South,21,22,22,25
South,20,29,-1,-1
South,13,27,-1,-1
South,8,13,5,11
South,4,24,3,30
South,7,23,6,29
South,10,30,-1,-1
South,2,31,-1,-1
South,28,25,-1,-1
South,14,26,-1,-1
South,25,17,27,17
South,27,19,29,19
South,8,26,-1,-1
South,6,3,5,0
South,8,24,7,30
South,16,31,-1,-1
South,8,2,7,0
South,15,12,15,12
South,3,12,2,10
South,16,29,-1,-1
South,26,26,-1,-1
South,27,17,29,17
South,3,30,-1,-1
South,4,0,-1,-1
South,5,11,4,8
South,5,9,4,8
South,10,0,-1,-1
South,26,10,27,8
South,22,0,-1,-1
South,13,9,13,9
South,17,5,17,3
South,16,4,16,2
South,4,31,-1,-1
South,18,5,18,3
South,15,14,15,14
South,18,0,-1,-1
South,0,0,-1,-1
South,4,17,2,17
South,29,10,30,8
South,8,11,7,8
South,18,31,-1,-1
South,13,30,-1,-1
South,30,6,31,3
South,29,31,-1,-1
South,24,29,-1,-1
South,23,11,24,9
South,23,10,24,8
South,2,15,0,15
South,26,14,28,13
South,10,16,9,16
South,21,6,22,3
South,7,8,6,6
South,3,27,-1,-1
South,20,23,20,29
South,13,2,13,0
South,15,0,-1,-1
South,26,16,28,16
South,3,22,2,25
South,1,29,-1,-1
South,25,30,-1,-1
South,2,16,0,16
South,20,2,20,0
South,14,15,14,15
South,15,24,15,30
South,15,18,15,18
South,3,5,2,2
South,25,7,26,5
South,0,19,-1,-1
South,13,21,13,24
South,0,23,-1,-1
South,12,28,-1,-1
South,18,20,18,23
South,16,12,16,12
South,25,20,26,23
South,26,21,27,24
South,25,19,27,19
South,13,8,13,8
South,8,17,5,17
South,25,15,27,15
South,26,20,27,23
South,4,21,3,24
South,9,1,-1,-1
South,6,15,4,15
South,1,4,0,1
South,24,17,26,17
South,31,29,-1,-1
South,6,31,-1,-1
South,18,7,18,6
South,14,14,14,14
South,3,1,-1,-1
South,17,24,-1,-1
South,26,7,27,5
South,3,6,2,3
South,10,20,10,23
South,10,31,-1,-1
South,20,16,21,16
South,9,17,7,19
South,28,1,-1,-1
South,8,28,-1,-1
South,15,7,15,6
South,19,27,-1,-1
South,2,22,1,25
South,24,22,25,25
South,22,21,23,24
South,11,29,-1,-1
South,7,27,-1,-1
South,31,16,-1,-1
South,5,21,4,24
South,25,21,26,24
South,21,9,22,8
South,18,13,18,13
South,18,29,-1,-1
South,14,29,-1,-1
South,20,20,20,23
South,31,22,-1,-1
South,3,18,1,18
South,21,11,22,9
South,8,18,5,18
South,23,7,24,5
South,1,2,0,0
South,9,24,8,30
South,11,27,-1,-1
South,0,1,-1,-1
South,22,9,23,8
South,7,2,6,0
South,15,17,15,17
South,28,7,29,5
South,4,26,-1,-1
South,17,11,17,11
South,8,31,-1,-1
South,1,9,0,8
South,20,14,21,14
South,27,6,28,3
South,29,17,31,17
South,21,4,22,1
South,31,3,-1,-1
South,15,19,15,19
South,27,4,28,1
South,6,13,4,11
South,18,18,18,18
South,22,1,-1,-1
South,19,1,-1,-1
South,29,13,31,12
South,1,7,0,5
South,11,5,11,3
South,13,20,13,23
South,27,1,-1,-1
South,12,2,12,0
South,10,11,10,10
South,1,8,0,6
South,6,16,4,16
South,4,25,-1,-1
South,31,11,-1,-1
South,31,0,-1,-1
South,28,3,29,0
South,8,30,-1,-1
South,28,24,29,30
South,26,13,28,12
South,27,2,28,0
South,29,15,31,15
South,0,9,-1,-1
South,20,6,20,5
South,2,12,1,10
South,9,6,8,3
South,29,27,-1,-1
South,4,27,-1,-1
South,1,12,0,10
South,15,2,15,0
South,19,14,20,14
South,12,11,12,11
South,19,29,-1,-1
South,13,18,13,18
South,4,8,3,6
South,22,23,23,29
South,10,14,9,14
South,20,22,20,25
South,16,1,-1,-1
South,22,12,24,11
South,28,18,30,18
South,10,6,10,5
South,27,16,29,16
South,23,12,25,11
South,19,9,19,9
South,1,3,0,0
South,24,2,25,0
South,2,27,-1,-1
South,28,21,29,24
South,4,10,3,8
South,16,10,16,10
South,22,11,23,9
South,16,3,16,1
South,14,1,-1,-1
South,1,23,0,29
South,6,14,4,13
South,20,25,-1,-1
South,22,22,23,25
South,18,24,18,30
South,18,17,18,17
South,17,10,17,10
South,21,30,-1,-1
South,15,31,-1,-1
South,18,21,18,24
South,5,16,3,16
South,29,21,30,24
South,23,26,-1,-1
South,30,4,31,1
South,23,6,24,3
South,0,5,-1,-1
South,28,4,29,1
South,10,9,10,9
South,23,21,24,24
South,4,13,2,11
South,11,28,-1,-1
South,13,5,13,3
South,1,16,0,16
South,10,25,-1,-1
South,27,14,29,13
South,8,1,-1,-1
South,20,11,20,10
South,5,17,3,17
South,15,26,-1,-1
South,7,1,-1,-1
South,27,11,28,9
South,24,11,25,9
South,17,21,17,24
South,28,19,30,19
South,4,14,2,13
South,20,19,21,19
South,8,20,7,23
South,30,30,-1,-1
South,30,16,31,16
South,17,30,-1,-1
South,29,7,30,5
South,30,25,-1,-1
South,7,21,6,24
South,6,6,5,3
South,12,30,-1,-1
South,29,9,30,8
South,5,31,-1,-1
South,25,31,-1,-1
South,6,28,-1,-1
South,31,20,-1,-1
South,10,4,10,2
South,4,6,3,3
South,18,1,-1,-1
South,5,25,-1,-1
South,17,13,17,13
South,3,16,1,16
South,26,5,27,2
South,22,8,23,6
South,17,2,17,0
South,0,17,-1,-1
South,5,26,-1,-1
South,31,12,-1,-1
South,8,23,7,29
South,2,21,1,24
South,11,17,10,17
South,30,0,-1,-1
South,21,29,-1,-1
South,13,3,13,1
South,30,9,31,8
South,0,26,-1,-1
South,7,0,-1,-1
South,15,8,15,8
South,9,10,8,8
South,17,28,-1,-1
South,6,11,5,8
South,27,20,28,23
South,21,20,22,23
South,25,18,27,18
South,1,11,0,8
South,3,19,1,19
South,4,2,3,0
South,16,14,16,14
South,11,23,11,29
South,4,16,2,16
South,29,28,-1,-1
South,31,4,-1,-1
South,25,9,26,8
South,18,23,18,29
South,23,9,24,8
South,30,1,-1,-1
South,22,25,-1,-1
South,22,6,23,3
South,0,8,-1,-1
South,3,26,-1,-1
South,26,6,27,3
South,21,12,23,11
South,31,23,-1,-1
South,27,12,29,11
South,27,5,28,2
South,11,0,-1,-1
South,5,29,-1,-1
South,6,12,5,10
South,27,21,28,24
South,15,28,-1,-1
South,14,28,-1,-1
South,31,15,-1,-1
South,31,2,-1,-1
South,5,2,4,0
South,10,10,10,9
South,6,19,4,19
South,13,15,13,15
South,0,7,-1,-1
South,15,16,15,16
South,16,18,16,18
South,20,9,20,9
South,17,22,17,25
South,24,13,26,12
South,0,14,0,13
South,28,11,29,9
South,9,31,-1,-1
South,14,9,14,9
South,0,21,-1,-1
South,8,9,7,8
South,23,30,-1,-1
South,12,31,-1,-1
South,1,19,0,19
South,29,6,30,3
South,12,17,12,17
South,13,29,-1,-1
South,6,29,-1,-1
South,21,21,22,24
South,27,23,28,29
South,23,2,24,0
South,0,27,-1,-1
South,12,18,12,18
South,28,27,-1,-1
South,28,6,29,3
South,11,20,11,23
South,22,3,23,0
South,0,6,-1,-1
South,17,26,-1,-1
South,31,13,-1,-1
South,28,28,-1,-1
South,22,18,24,18
South,20,1,-1,-1
South,31,6,-1,-1
South,5,15,3,15
South,2,11,1,8
South,8,21,7,24
South,0,15,-1,-1
South,30,12,31,11
South,13,26,-1,-1
South,11,31,-1,-1
South,8,0,-1,-1
South,21,0,-1,-1
South,5,19,3,19
South,16,9,16,9
South,21,7,22,5
South,16,2,16,0
South,19,2,19,0
South,9,29,-1,-1
South,22,28,-1,-1
South,29,24,30,30
South,24,1,-1,-1
South,14,2,14,0
South,20,24,20,30
South,3,3,2,0
South,1,15,0,15
South,2,30,-1,-1
South,12,26,-1,-1
South,22,20,23,23
South,6,10,5,8
South,6,5,5,2
South,26,18,28,18
South,26,11,27,9
South,23,1,-1,-1
South,23,18,25,18
South,17,27,-1,-1
South,29,20,30,23
South,30,23,31,29
South,18,9,18,9
South,1,20,0,23
South,11,3,11,1
South,17,23,17,30
South,5,7,4,5
South,29,25,-1,-1
South,2,28,-1,-1
South,14,24,-1,-1
South,31,18,-1,-1
South,27,7,28,5
South,20,27,-1,-1
South,17,18,17,18
South,14,18,14,18
South,9,23,8,29
South,0,22,-1,-1
South,27,28,-1,-1
South,4,9,3,8
South,13,23,14,30
South,9,15,7,15
South,2,26,-1,-1
South,10,28,-1,-1
South,24,16,26,16
South,8,3,7,0
South,7,31,-1,-1
South,10,5,10,3
South,17,4,17,2
South,30,18,31,18
South,16,5,16,3
South,22,30,-1,-1
South,24,15,26,15
South,18,28,-1,-1
South,29,12,31,11
South,2,8,1,6
South,25,2,26,0
South,16,30,-1,-1
South,0,29,-1,-1
South,14,23,14,30
South,8,15,5,15
South,7,3,6,0
South,9,20,8,23
South,27,18,29,18
South,7,13,5,11
South,25,14,27,13
South,23,5,24,2
South,24,10,25,8
South,5,12,4,10
South,8,10,7,8
South,18,12,18,12
South,28,0,-1,-1
South,2,19,0,19
South,24,3,25,0
South,14,27,-1,-1
South,0,11,-1,-1
South,31,7,-1,-1
South,14,0,-1,-1
South,14,7,14,6
South,31,17,-1,-1
South,11,9,11,9
South,16,21,15,24
South,2,20,1,23
South,8,19,5,19
South,5,13,3,11
South,25,22,26,25
South,19,21,19,24
South,23,14,25,13
South,24,7,25,5
South,25,6,26,3
South,21,13,23,12
South,1,24,0,30
South,23,16,25,16
South,25,28,-1,-1
South,15,5,15,3
South,30,15,31,15
South,23,23,24,29
South,17,9,17,9
South,2,4,1,1
South,15,3,15,1
South,26,29,-1,-1
South,18,8,18,8
South,26,28,-1,-1
South,14,13,14,13
South,28,17,30,17
South,5,3,4,0
South,5,27,-1,-1
South,14,30,-1,-1
South,20,18,21,18
South,9,27,-1,-1
South,9,9,8,8
South,21,27,-1,-1
South,31,28,-1,-1
South,3,10,2,8
South,26,9,27,8
South,2,3,1,0
South,6,9,5,8
South,18,14,18,14
South,18,15,18,15
South,7,17,5,17
South,19,31,-1,-1
South,16,6,16,5
South,9,30,-1,-1
South,12,8,12,8
South,17,0,-1,-1
South,11,12,10,12
South,3,28,-1,-1
South,1,28,-1,-1
South,6,24,5,30
South,16,23,16,30
South,21,24,22,30
South,25,13,27,12
South,12,13,12,13
South,19,25,-1,-1
South,15,30,-1,-1
South,7,28,-1,-1
South,31,8,-1,-1
South,7,5,6,2
South,25,25,-1,-1
South,9,14,7,13
South,9,0,-1,-1
South,14,17,14,17
South,29,19,31,19
South,9,13,7,11
South,15,27,-1,-1
South,19,7,19,6
South,20,0,-1,-1
South,30,10,31,8
South,20,30,-1,-1
South,10,1,-1,-1
South,17,1,-1,-1
South,28,13,30,12
South,6,21,5,24
South,14,25,-1,-1
South,11,19,-1,-1
South,1,26,-1,-1
South,19,20,19,23
South,16,24,-1,-1
South,23,8,24,6
South,10,27,-1,-1
South,17,14,17,14
South,14,12,14,12
South,1,6,0,3
South,0,4,-1,-1
South,17,12,17,12
South,7,14,5,13
South,1,10,0,8
South,19,18,20,18
South,16,25,-1,-1
South,12,15,12,15
South,11,25,-1,-1
South,13,1,-1,-1
South,24,25,-1,-1
South,11,10,11,9
South,7,20,6,23
South,21,1,-1,-1
South,7,22,6,25
South,18,30,-1,-1
South,25,0,-1,-1
South,10,13,9,13
South,30,22,31,25
South,27,25,-1,-1
South,2,29,-1,-1
South,19,28,-1,-1
South,12,10,12,10
South,4,3,3,0
South,7,24,6,30
South,24,23,25,29
South,0,3,-1,-1
South,28,30,-1,-1
South,23,20,24,23
South,5,0,-1,-1
South,11,8,11,8
South,31,24,-1,-1
South,28,22,29,25
South,8,27,-1,-1
South,15,20,15,23
South,25,27,-1,-1
South,4,30,-1,-1
South,27,29,-1,-1
South,9,12,8,10
South,26,15,28,15
South,13,28,-1,-1
South,3,17,1,17
South,7,6,6,3
South,18,16,-1,-1
South,31,30,-1,-1
South,12,24,12,30
South,13,16,13,16
South,2,9,1,8
South,20,15,21,15
South,22,5,23,2
South,13,4,13,2
South,20,31,-1,-1
South,1,5,0,2
South,31,5,-1,-1
South,23,4,24,1
South,10,12,9,12
South,17,7,17,6
South,4,28,-1,-1
South,25,29,-1,-1
South,31,21,-1,-1
South,28,20,29,23
South,6,4,5,1
South,24,8,25,6
South,8,8,7,6
South,8,22,7,25
South,29,3,30,0
South,16,13,16,13
South,16,26,-1,-1
South,20,17,21,18
South,7,12,6,10
South,13,10,13,10
South,31,19,-1,-1
South,5,22,4,25
South,23,28,-1,-1
South,27,10,28,8
South,0,18,-1,-1
South,8,6,7,3
South,15,10,15,10
South,20,12,21,12
South,23,31,-1,-1
South,10,19,9,19
South,28,5,29,2
South,2,5,1,2
South,14,4,14,2
South,18,26,-1,-1
South,24,20,25,23
South,24,31,-1,-1
South,29,14,31,13
South,12,23,12,29
South,12,27,-1,-1
South,21,3,22,0
South,8,29,-1,-1
South,5,28,-1,-1
South,25,3,26,0
South,10,22,10,25
South,8,4,7,1
South,13,6,13,5
South,25,1,-1,-1
South,21,5,22,2
South,19,19,-1,-1
South,4,22,3,25
South,9,18,7,19
South,15,29,-1,-1
South,28,29,-1,-1
South,12,29,-1,-1
South,12,12,12,12
South,3,7,2,5
South,19,17,20,17
South,1,13,0,11
South,2,13,0,11
South,21,19,22,23
South,0,16,-1,-1
South,7,29,-1,-1
South,6,20,5,23
South,3,15,1,15
South,30,2,31,0
South,29,16,31,16
South,19,5,19,3
South,25,5,26,2
South,16,0,-1,-1
South,26,8,27,6
South,25,8,26,6
South,1,21,0,24
South,22,15,24,15
South,18,10,18,10
South,5,20,4,23
South,2,17,0,17
South,10,21,10,24
South,12,21,12,24
South,22,24,23,30
South,5,4,4,1
South,3,8,2,6
South,21,31,-1,-1
South,16,27,-1,-1
South,22,16,24,16
South,25,10,26,8
South,28,12,30,11
South,9,28,-1,-1
South,29,30,-1,-1
South,5,1,-1,-1
South,0,12,-1,-1
South,11,18,10,18
South,21,10,22,8
South,30,28,-1,-1
South,26,24,27,30
South,12,3,12,1
South,6,1,-1,-1
South,12,20,12,23
South,3,31,-1,-1
South,15,4,15,2
South,24,18,26,18
South,0,30,-1,-1
South,3,23,2,29
South,7,30,-1,-1
South,24,5,25,2
South,27,13,29,12
South,29,4,30,1
South,18,3,18,1
South,29,8,30,6
South,29,0,-1,-1
South,16,17,16,17
South,25,23,26,29
South,14,11,14,11
South,11,13,10,13
South,26,4,27,1
South,14,16,14,16
South,27,9,28,8
South,18,4,18,2
South,15,15,15,15
South,8,5,7,2
South,13,17,13,17
South,27,24,28,30
South,6,23,5,29
South,14,5,14,3
South,3,9,2,8
South,7,16,5,16
South,10,18,9,18
South,11,6,13,8
South,1,1,-1,-1
South,14,31,-1,-1
South,2,23,1,29
South,12,16,-1,-1
South,15,11,15,11
South,2,7,1,5
South,22,29,-1,-1
South,11,11,11,10
South,6,26,-1,-1
South,4,5,3,2
South,21,28,-1,-1
South,6,18,4,18
South,14,20,14,23
South,0,24,-1,-1
South,28,8,29,6
South,10,26,-1,-1
South,30,24,31,30
South,19,15,20,15
South,20,3,20,1
South,22,13,24,12
South,6,22,5,25
South,11,4,11,2
South,22,31,-1,-1
North,21,16,24,16
North,3,0,-1,-1
North,5,8,3,6
North,24,21,25,24
North,9,3,7,0
North,30,13,30,11
North,31,1,-1,-1
North,2,24,0,27
North,19,24,19,30
North,2,0,-1,-1
North,0,10,-1,-1
North,24,12,25,10
North,27,3,28,0
North,10,7,10,6
North,28,15,30,15
North,26,31,31,-1
North,1,30,31,-1
North,27,27,31,-1
North,17,16,17,16
North,24,19,26,19
North,8,7,6,5
North,19,10,19,9
North,26,17,28,17
North,12,9,12,9
North,6,7,4,5
North,5,30,0,-1
North,7,26,0,-1
North,26,25,31,-1
North,1,22,0,22
North,0,13,-1,-1
North,23,22,24,25
North,13,7,13,6
North,9,22,7,25
North,10,24,10,30
North,16,8,16,8
North,25,26,31,-1
North,17,25,31,-1
North,13,25,-1,-1
North,28,9,29,8
North,22,4,23,1
North,26,0,-1,-1
North,17,29,31,-1
North,19,22,19,25
North,15,13,15,13
North,30,14,30,13
North,30,20,30,23
North,4,4,2,1
North,3,2,1,0
North,19,23,19,29
North,8,12,6,10
North,7,11,5,8
North,28,23,29,29
North,27,30,31,-1
North,9,4,7,1
North,20,28,31,-1
North,1,17,0,17
North,29,29,31,-1
North,27,8,28,6
North,13,31,-1,-1
North,23,17,25,17
North,29,18,30,18
North,25,16,27,16
North,20,5,20,3
North,21,25,31,-1
North,6,27,0,-1
North,16,15,16,15
North,15,23,15,29
North,21,15,24,15
North,22,7,23,5
North,20,7,20,6
North,14,21,15,24
North,27,0,-1,-1
North,16,11,16,11
North,23,24,24,30
North,12,25,-1,-1
North,0,20,-1,-1
North,28,26,31,-1
North,7,25,0,-1
North,4,12,2,10
North,21,26,31,-1
North,16,16,16,16
North,8,16,5,16
North,11,30,-1,-1
North,17,19,17,19
North,30,27,-1,-1
North,20,13,21,13
North,12,5,12,3
North,4,11,2,8
North,5,6,3,3
North,10,23,10,29
North,28,31,31,-1
North,28,10,30,8
North,26,30,31,-1
North,19,6,19,5
North,12,0,-1,-1
North,4,20,2,23
North,18,19,18,19
North,0,2,-1,-1
North,9,26,0,-1
North,11,7,11,6
North,11,24,11,30
North,4,15,1,15
North,11,1,-1,-1
North,28,14,30,12
North,1,27,31,-1
North,17,15,17,15
North,28,2,29,0
North,11,16,9,16
North,26,27,31,-1
North,11,15,9,15
North,29,5,30,4
North,12,4,12,2
North,2,2,0,1
North,15,9,15,9
North,23,29,31,-1
North,11,21,11,24
North,24,26,31,-1
North,26,2,27,0
North,27,15,29,15
North,30,26,-1,-1
North,30,5,30,3
North,5,10,4,8
North,7,19,4,19
North,6,8,4,6
North,4,29,0,-1
North,4,18,1,18
North,6,2,4,0
North,15,21,15,24
North,25,24,26,30
North,22,27,31,-1
North,11,22,11,25
North,21,17,24,19
North,30,3,30,1
North,26,12,27,10
North,24,0,-1,-1
North,7,18,4,18
North,31,26,-1,-1
North,28,16,30,16
North,3,14,0,12
North,30,29,-1,-1
North,9,21,7,24
North,30,8,30,6
North,8,25,0,-1
North,14,6,14,5
North,31,9,-1,-1
North,19,4,19,2
North,3,21,1,24
North,22,19,25,19
North,13,12,13,12
North,9,11,7,8
North,25,11,27,8
North,24,27,31,-1
North,27,31,31,-1
North,24,6,25,3
North,15,1,-1,-1
North,21,23,22,29
North,3,25,0,-1
North,3,24,1,30
North,24,4,25,1
North,18,2,18,0
North,11,2,11,0
North,10,17,9,18
North,7,9,5,8
North,4,1,-1,-1
North,24,28,31,-1
North,31,25,-1,-1
North,3,13,0,11
North,6,0,-1,-1
North,16,28,0,-1
North,13,22,13,25
North,12,7,12,6
North,19,8,19,8
North,1,25,31,-1
North,26,22,27,25
North,13,14,13,14
North,26,3,27,0
North,25,4,26,1
North,22,14,25,12
North,9,8,7,6
North,5,23,3,29
North,17,31,31,-1
North,23,27,31,-1
North,2,25,0,-1
North,19,16,20,16
North,1,14,0,14
North,17,20,17,23
North,16,20,16,23
North,5,24,3,30
North,23,13,25,11
North,19,26,31,-1
North,14,3,14,1
North,6,30,0,-1
North,26,19,28,19
North,0,31,-1,-1
North,24,9,25,8
North,16,22,15,25
North,10,15,8,15
North,29,2,30,1
North,26,1,-1,-1
North,29,26,31,-1
North,7,7,5,5
North,9,2,7,0
North,9,5,7,2
North,23,19,25,19
North,31,14,-1,-1
North,2,6,0,5
North,8,14,5,12
North,1,18,0,18
North,11,26,31,-1
North,15,25,-1,-1
North,29,1,-1,-1
North,20,10,20,9
North,9,16,5,16
North,9,25,0,-1
North,13,13,13,13
North,3,29,0,-1
North,20,26,31,-1
North,23,0,-1,-1
North,10,8,10,8
North,2,1,-1,-1
North,10,3,10,1
North,0,25,-1,-1
North,22,17,25,17
North,13,11,13,11
North,27,22,28,25
North,14,8,14,8
North,18,25,-1,-1
North,9,19,8,23
North,6,25,0,-1
North,17,3,17,1
North,1,31,31,-1
North,11,14,9,14
North,4,7,2,5
North,19,12,20,12
North,30,19,30,19
North,20,8,20,8
North,3,11,1,8
North,6,17,3,17
North,12,14,12,14
North,21,14,24,12
North,20,4,20,2
North,2,10,1,8
North,14,19,14,19
North,18,27,31,-1
North,2,18,0,18
North,19,0,-1,-1
North,4,23,2,29
North,27,26,31,-1
North,19,13,20,13
North,10,29,-1,-1
North,31,10,-1,-1
North,5,14,2,12
North,12,6,12,5
North,12,1,-1,-1
North,5,5,3,2
North,26,23,27,29
North,21,18,25,19
North,14,22,15,25
North,29,22,30,25
North,18,11,18,11
North,24,14,26,12
North,15,6,15,5
North,0,28,-1,-1
North,19,3,19,1
North,19,30,-1,-1
North,14,10,14,10
North,17,6,17,5
North,1,0,-1,-1
North,29,23,30,26
North,7,10,6,8
North,23,25,31,-1
North,24,30,31,-1
North,21,8,22,6
North,4,19,1,19
North,29,11,30,10
North,22,26,31,-1
North,24,24,25,30
North,3,20,1,23
North,7,4,5,1
North,22,10,24,8
North,13,24,0,-1
North,31,27,-1,-1
North,17,8,17,8
North,31,31,-1,-1
North,30,17,30,17
North,12,22,12,25
North,17,17,17,17
North,15,22,15,25
North,23,15,25,15
North,9,7,7,5
North,12,19,12,19
North,18,22,18,25
North,30,7,30,5
North,7,15,4,15
North,10,2,10,0
North,30,11,30,9
North,16,19,16,19
North,23,3,24,0
North,18,6,18,5
North,21,2,22,0
North,25,12,26,10
North,13,0,-1,-1
North,22,2,23,0
North,19,11,19,10
North,3,4,1,1
North,5,18,2,18
North,16,7,16,6
North,30,21,30,24
North,20,21,20,24
North,30,31,-1,-1
North,13,19,13,19
North,2,14,0,13
North,21,22,22,25
North,20,29,-1,-1
North,13,27,31,-1
North,8,13,5,11
North,4,24,2,30
North,7,23,5,29
North,10,30,-1,-1
North,2,31,0,-1
North,28,25,31,-1
North,14,26,31,-1
North,25,17,27,17
North,27,19,29,19
North,8,26,0,-1
North,6,3,4,0
North,8,24,6,30
North,16,31,31,-1
North,8,2,6,0
North,15,12,15,12
North,3,12,1,10
North,16,29,31,-1
North,26,26,31,-1
North,27,17,29,17
North,3,30,0,-1
North,4,0,-1,-1
North,5,11,3,8
North,5,9,3,8
North,10,0,-1,-1
North,26,10,28,8
North,22,0,-1,-1
North,13,9,13,9
North,17,5,17,3
North,16,4,16,2
North,4,31,0,-1
North,18,5,18,3
North,15,14,15,14
North,18,0,-1,-1
North,0,0,-1,-1
North,4,17,1,17
North,29,10,30,9
North,8,11,6,8
North,18,31,-1,-1
North,13,30,-1,-1
North,30,6,30,4
North,29,31,31,-1
North,24,29,31,-1
North,23,11,25,8
North,23,10,25,8
North,2,15,0,15
North,26,14,28,12
North,10,16,8,16
North,21,6,22,3
North,7,8,5,6
North,3,27,0,-1
North,20,23,20,29
North,13,2,13,0
North,15,0,-1,-1
North,26,16,28,16
North,3,22,1,25
North,1,29,31,-1
North,25,30,31,-1
North,2,16,0,16
North,20,2,20,0
North,14,15,14,15
North,15,24,15,30
North,15,18,15,18
North,3,5,1,2
North,25,7,26,5
North,0,19,-1,-1
North,13,21,13,24
North,0,23,-1,-1
North,12,28,31,-1
North,18,20,18,23
North,16,12,16,12
North,25,20,26,23
North,26,21,27,24
North,25,19,27,19
North,13,8,13,8
North,8,17,5,17
North,25,15,27,15
North,26,20,27,23
North,4,21,2,24
North,9,1,-1,-1
North,6,15,3,15
North,1,4,0,4
North,24,17,26,17
North,31,29,-1,-1
North,6,31,0,-1
North,18,7,18,6
North,14,14,14,14
North,3,1,-1,-1
North,17,24,31,-1
North,26,7,27,5
North,3,6,1,3
North,10,20,10,23
North,10,31,-1,-1
North,20,16,21,16
North,9,17,5,19
North,28,1,-1,-1
North,8,28,0,-1
North,15,7,15,6
North,19,27,31,-1
North,2,22,0,25
North,24,22,25,25
North,22,21,23,24
North,11,29,-1,-1
North,7,27,0,-1
North,31,16,-1,-1
North,5,21,3,24
North,25,21,26,24
North,21,9,22,8
North,18,13,18,13
North,18,29,-1,-1
North,14,29,-1,-1
North,20,20,20,23
North,31,22,-1,-1
North,3,18,0,18
North,21,11,23,8
North,8,18,5,18
North,23,7,24,5
North,1,2,0,2
North,9,24,7,30
North,11,27,31,-1
North,0,1,-1,-1
North,22,9,23,8
North,7,2,5,0
North,15,17,15,17
North,28,7,29,5
North,4,26,0,-1
North,17,11,17,11
North,8,31,0,-1
North,1,9,0,9
North,20,14,21,14
North,27,6,28,3
North,29,17,30,17
North,21,4,22,1
North,31,3,-1,-1
North,15,19,15,19
North,27,4,28,1
North,6,13,3,11
North,18,18,18,18
North,22,1,-1,-1
North,19,1,-1,-1
North,29,13,30,12
North,1,7,0,7
North,11,5,11,3
North,13,20,13,23
North,27,1,-1,-1
North,12,2,12,0
North,10,11,10,9
North,1,8,0,8
North,6,16,3,16
North,4,25,0,-1
North,31,11,-1,-1
North,31,0,-1,-1
North,28,3,29,0
North,8,30,0,-1
North,28,24,29,30
North,26,13,28,11
North,27,2,28,0
North,29,15,30,15
North,0,9,-1,-1
North,20,6,20,5
North,2,12,0,11
North,9,6,7,3
North,29,27,31,-1
North,4,27,0,-1
North,1,12,0,12
North,15,2,15,0
North,19,14,20,14
North,12,11,12,11
North,19,29,-1,-1
North,13,18,13,18
North,4,8,2,6
North,22,23,23,29
North,10,14,8,14
North,20,22,20,25
North,16,1,-1,-1
North,22,12,23,10
North,28,18,30,18
North,10,6,10,5
North,27,16,29,16
North,23,12,24,10
North,19,9,19,9
North,1,3,0,3
North,24,2,25,0
North,2,27,0,-1
North,28,21,29,24
North,4,10,3,8
North,16,10,16,10
North,22,11,24,8
North,16,3,16,1
North,14,1,-1,-1
North,1,23,0,23
North,6,14,3,12
North,20,25,-1,-1
North,22,22,23,25
North,18,24,18,30
North,18,17,18,17
North,17,10,17,10
North,21,30,31,-1
North,15,31,-1,-1
North,18,21,18,24
North,5,16,2,16
North,29,21,30,24
North,23,26,31,-1
North,30,4,30,2
North,23,6,24,3
North,0,5,-1,-1
North,28,4,29,1
North,10,9,10,9
North,23,21,24,24
North,4,13,1,11
North,11,28,31,-1
North,13,5,13,3
North,1,16,0,16
North,10,25,-1,-1
North,27,14,29,12
North,8,1,-1,-1
North,20,11,20,10
North,5,17,2,17
North,15,26,31,-1
North,7,1,-1,-1
North,27,11,29,8
North,24,11,26,8
North,17,21,17,24
North,28,19,30,19
North,4,14,1,12
North,20,19,21,19
North,8,20,6,23
North,30,30,-1,-1
North,30,16,30,16
North,17,30,31,-1
North,29,7,30,6
North,30,25,-1,-1
North,7,21,5,24
North,6,6,4,3
North,12,30,-1,-1
North,29,9,30,8
North,5,31,0,-1
North,25,31,31,-1
North,6,28,0,-1
North,31,20,-1,-1
North,10,4,10,2
North,4,6,2,3
North,18,1,-1,-1
North,5,25,0,-1
North,17,13,17,13
North,3,16,0,16
North,26,5,27,2
North,22,8,23,6
North,17,2,17,0
North,0,17,-1,-1
North,5,26,0,-1
North,31,12,-1,-1
North,8,23,6,29
North,2,21,0,24
North,11,17,9,18
North,30,0,-1,-1
North,21,29,31,-1
North,13,3,13,1
North,30,9,30,7
North,0,26,-1,-1
North,7,0,-1,-1
North,15,8,15,8
North,9,10,8,8
North,17,28,0,-1
North,6,11,4,8
North,27,20,28,23
North,21,20,22,23
North,25,18,27,18
North,1,11,0,9
North,3,19,0,19
North,4,2,2,0
North,16,14,16,14
North,11,23,11,29
North,4,16,1,16
North,29,28,31,-1
North,31,4,-1,-1
North,25,9,26,8
North,18,23,18,29
North,23,9,24,8
North,30,1,-1,-1
North,22,25,31,-1
North,22,6,23,3
North,0,8,-1,-1
North,3,26,0,-1
North,26,6,27,3
North,21,12,22,10
North,31,23,-1,-1
North,27,12,28,10
North,27,5,28,2
North,11,0,-1,-1
North,5,29,0,-1
North,6,12,4,10
North,27,21,28,24
North,15,28,31,-1
North,14,28,31,-1
North,31,15,-1,-1
North,31,2,-1,-1
North,5,2,3,0
North,10,10,10,9
North,6,19,3,19
North,13,15,13,15
North,0,7,-1,-1
North,15,16,15,16
North,16,18,16,18
North,20,9,20,9
North,17,22,17,25
North,24,13,26,11
North,0,14,0,13
North,28,11,30,9
North,9,31,0,-1
North,14,9,14,9
North,0,21,-1,-1
North,8,9,6,8
North,23,30,31,-1
North,12,31,-1,-1
North,1,19,0,19
North,29,6,30,5
North,12,17,12,17
North,13,29,-1,-1
North,6,29,0,-1
North,21,21,22,24
North,27,23,28,29
North,23,2,24,0
North,0,27,-1,-1
North,12,18,12,18
North,28,27,31,-1
North,28,6,29,3
North,11,20,11,23
North,22,3,23,0
North,0,6,-1,-1
North,17,26,0,-1
North,31,13,-1,-1
North,28,28,31,-1
North,22,18,25,18
North,20,1,-1,-1
North,31,6,-1,-1
North,5,15,2,15
North,2,11,0,8
North,8,21,6,24
North,0,15,-1,-1
North,30,12,30,10
North,13,26,31,-1
North,11,31,-1,-1
North,8,0,-1,-1
North,21,0,-1,-1
North,5,19,2,19
North,16,9,16,9
North,21,7,22,5
North,16,2,16,0
North,19,2,19,0
North,9,29,0,-1
North,22,28,31,-1
North,29,24,30,27
North,24,1,-1,-1
North,14,2,14,0
North,20,24,20,30
North,3,3,1,0
North,1,15,0,15
North,2,30,0,-1
North,12,26,31,-1
North,22,20,23,23
North,6,10,5,8
North,6,5,4,2
North,26,18,28,18
North,26,11,28,8
North,23,1,-1,-1
North,23,18,25,18
North,17,27,0,-1
North,29,20,30,23
North,30,23,30,29
North,18,9,18,9
North,1,20,0,20
North,11,3,11,1
North,17,23,17,30
North,5,7,3,5
North,29,25,31,-1
North,2,28,0,-1
North,14,24,0,-1
North,31,18,-1,-1
North,27,7,28,5
North,20,27,31,-1
North,17,18,17,18
North,14,18,14,18
North,9,23,7,29
North,0,22,-1,-1
North,27,28,31,-1
North,4,9,2,8
North,13,23,14,30
North,9,15,5,15
North,2,26,0,-1
North,10,28,31,-1
North,24,16,26,16
North,8,3,6,0
North,7,31,0,-1
North,10,5,10,3
North,17,4,17,2
North,30,18,30,18
North,16,5,16,3
North,22,30,31,-1
North,24,15,26,15
North,18,28,31,-1
North,29,12,30,11
North,2,8,0,7
North,25,2,26,0
North,16,30,31,-1
North,0,29,-1,-1
North,14,23,14,30
North,8,15,5,15
North,7,3,5,0
North,9,20,7,23
North,27,18,29,18
North,7,13,4,11
North,25,14,27,12
North,23,5,24,2
North,24,10,26,8
North,5,12,3,10
North,8,10,7,8
North,18,12,18,12
North,28,0,-1,-1
North,2,19,0,19
North,24,3,25,0
North,14,27,31,-1
North,0,11,-1,-1
North,31,7,-1,-1
North,14,0,-1,-1
North,14,7,14,6
North,31,17,-1,-1
North,11,9,11,9
North,16,21,15,24
North,2,20,0,23
North,8,19,5,19
North,5,13,2,11
North,25,22,26,25
North,19,21,19,24
North,23,14,25,12
North,24,7,25,5
North,25,6,26,3
North,21,13,24,11
North,1,24,0,24
North,23,16,25,16
North,25,28,31,-1
North,15,5,15,3
North,30,15,30,15
North,23,23,24,29
North,17,9,17,9
North,2,4,0,3
North,15,3,15,1
North,26,29,31,-1
North,18,8,18,8
North,26,28,31,-1
North,14,13,14,13
North,28,17,30,17
North,5,3,3,0
North,5,27,0,-1
North,14,30,-1,-1
North,20,18,21,18
North,9,27,0,-1
North,9,9,7,8
North,21,27,31,-1
North,31,28,-1,-1
North,3,10,2,8
North,26,9,27,8
North,2,3,0,2
North,6,9,4,8
North,18,14,18,14
North,18,15,18,15
North,7,17,4,17
North,19,31,-1,-1
North,16,6,16,5
North,9,30,0,-1
North,12,8,12,8
North,17,0,-1,-1
North,11,12,9,12
North,3,28,0,-1
North,1,28,31,-1
North,6,24,4,30
North,16,23,16,30
North,21,24,22,30
North,25,13,27,11
North,12,13,12,13
North,19,25,-1,-1
North,15,30,-1,-1
North,7,28,0,-1
North,31,8,-1,-1
North,7,5,5,2
North,25,25,31,-1
North,9,14,5,12
North,9,0,-1,-1
North,14,17,14,17
North,29,19,30,19
North,9,13,5,11
North,15,27,31,-1
North,19,7,19,6
North,20,0,-1,-1
North,30,10,30,8
North,20,30,-1,-1
North,10,1,-1,-1
North,17,1,-1,-1
North,28,13,30,11
North,6,21,4,24
North,14,25,-1,-1
North,11,19,-1,-1
North,1,26,31,-1
North,19,20,19,23
North,16,24,31,-1
North,23,8,24,6
North,10,27,31,-1
North,17,14,17,14
North,14,12,14,12
North,1,6,0,6
North,0,4,-1,-1
North,17,12,17,12
North,7,14,4,12
North,1,10,0,8
North,19,18,20,18
North,16,25,31,-1
North,12,15,12,15
North,11,25,-1,-1
North,13,1,-1,-1
North,24,25,31,-1
North,11,10,11,9
North,7,20,5,23
North,21,1,-1,-1
North,7,22,5,25
North,18,30,-1,-1
North,25,0,-1,-1
North,10,13,8,13
North,30,22,30,25
North,27,25,31,-1
North,2,29,0,-1
North,19,28,31,-1
North,12,10,12,10
North,4,3,2,0
North,7,24,5,30
North,24,23,25,29
North,0,3,-1,-1
North,28,30,31,-1
North,23,20,24,23
North,5,0,-1,-1
North,11,8,11,8
North,31,24,-1,-1
North,28,22,29,25
North,8,27,0,-1
North,15,20,15,23
North,25,27,31,-1
North,4,30,0,-1
North,27,29,31,-1
North,9,12,7,10
North,26,15,28,15
North,13,28,31,-1
North,3,17,0,17
North,7,6,5,3
North,18,16,-1,-1
North,31,30,-1,-1
North,12,24,12,30
North,13,16,13,16
North,2,9,0,8
North,20,15,21,15
North,22,5,23,2
North,13,4,13,2
North,20,31,-1,-1
North,1,5,0,5
North,31,5,-1,-1
North,23,4,24,1
North,10,12,8,12
North,17,7,17,6
North,4,28,0,-1
North,25,29,31,-1
North,31,21,-1,-1
North,28,20,29,23
North,6,4,4,1
North,24,8,25,6
North,8,8,6,6
North,8,22,6,25
North,29,3,30,2
North,16,13,16,13
North,16,26,0,-1
North,20,17,20,17
North,7,12,5,10
North,13,10,13,10
North,31,19,-1,-1
North,5,22,3,25
North,23,28,31,-1
North,27,10,29,8
North,0,18,-1,-1
North,8,6,6,3
North,15,10,15,10
North,20,12,21,12
North,23,31,31,-1
North,10,19,8,19
North,28,5,29,2
North,2,5,0,4
North,14,4,14,2
North,18,26,31,-1
North,24,20,25,23
North,24,31,31,-1
North,29,14,30,13
North,12,23,12,29
North,12,27,31,-1
North,21,3,22,0
North,8,29,0,-1
North,5,28,0,-1
North,25,3,26,0
North,10,22,10,25
North,8,4,6,1
North,13,6,13,5
North,25,1,-1,-1
North,21,5,22,2
North,19,19,-1,-1
North,4,22,2,25
North,9,18,6,19
North,15,29,-1,-1
North,28,29,31,-1
North,12,29,-1,-1
North,12,12,12,12
North,3,7,1,5
North,19,17,20,17
North,1,13,0,13
North,2,13,0,12
North,21,19,23,23
North,0,16,-1,-1
North,7,29,0,-1
North,6,20,4,23
North,3,15,0,15
North,30,2,30,0
North,29,16,30,16
North,19,5,19,3
North,25,5,26,2
North,16,0,-1,-1
North,26,8,27,6
North,25,8,26,6
North,1,21,0,21
North,22,15,25,15
North,18,10,18,10
North,5,20,3,23
North,2,17,0,17
North,10,21,10,24
North,12,21,12,24
North,22,24,23,30
North,5,4,3,1
North,3,8,1,6
North,21,31,31,-1
North,16,27,0,-1
North,22,16,25,16
North,25,10,27,8
North,28,12,29,10
North,9,28,0,-1
North,29,30,31,-1
North,5,1,-1,-1
North,0,12,-1,-1
North,11,18,9,18
North,21,10,23,8
North,30,28,-1,-1
North,26,24,27,30
North,12,3,12,1
North,6,1,-1,-1
North,12,20,12,23
North,3,31,0,-1
North,15,4,15,2
North,24,18,26,18
North,0,30,-1,-1
North,3,23,1,29
North,7,30,0,-1
North,24,5,25,2
North,27,13,29,11
North,29,4,30,3
North,18,3,18,1
North,29,8,30,7
North,29,0,-1,-1
North,16,17,16,17
North,25,23,26,29
North,14,11,14,11
North,11,13,9,13
North,26,4,27,1
North,14,16,14,16
North,27,9,28,8
North,18,4,18,2
North,15,15,15,15
North,8,5,6,2
North,13,17,13,17
North,27,24,28,30
North,6,23,4,29
North,14,5,14,3
North,3,9,1,8
North,7,16,4,16
North,10,18,9,18
North,11,6,11,5
North,1,1,-1,-1
North,14,31,-1,-1
North,2,23,0,26
North,12,16,-1,-1
North,15,11,15,11
North,2,7,0,6
North,22,29,31,-1
North,11,11,11,9
North,6,26,0,-1
North,4,5,2,2
North,21,28,31,-1
North,6,18,3,18
North,14,20,14,23
North,0,24,-1,-1
North,28,8,29,6
North,10,26,-1,-1
North,30,24,30,30
North,19,15,20,15
North,20,3,20,1
North,22,13,25,11
North,6,22,4,25
North,11,4,11,2
North,22,31,31,-1
East,21,16,22,17
East,3,0,-1,-1
East,5,8,6,7
East,24,21,25,23
East,9,3,10,1
East,30,13,31,13
East,31,1,-1,-1
East,2,24,3,31
East,19,24,20,31
East,2,0,-1,-1
East,0,10,-1,-1
East,24,12,25,12
East,27,3,28,1
East,10,7,11,6
East,28,15,29,15
East,26,31,-1,-1
East,1,30,-1,-1
East,27,27,-1,-1
East,17,16,18,17
East,24,19,25,21
East,8,7,9,6
East,19,10,20,10
East,26,17,27,18
East,12,9,13,9
East,6,7,7,6
East,5,30,-1,-1
East,7,26,-1,-1
East,26,25,-1,-1
East,1,22,2,29
East,0,13,-1,-1
East,23,22,24,29
East,13,7,14,6
East,9,22,10,29
East,10,24,11,31
East,16,8,17,7
East,25,26,-1,-1
East,17,25,-1,-1
East,13,25,-1,-1
East,28,9,29,9
East,22,4,23,2
East,26,0,-1,-1
East,17,29,-1,-1
East,19,22,20,29
East,15,13,16,13
East,30,14,31,14
East,30,20,31,22
East,4,4,5,2
East,3,2,4,0
East,19,23,20,30
East,8,12,8,12
East,7,11,7,11
East,28,23,29,30
East,27,30,-1,-1
East,9,4,10,2
East,20,28,-1,-1
East,1,17,2,18
East,29,29,-1,-1
East,27,8,29,7
East,13,31,-1,-1
East,23,17,24,18
East,29,18,30,20
East,25,16,26,17
East,20,5,21,3
East,21,25,-1,-1
East,6,27,-1,-1
East,16,15,17,15
East,15,23,16,30
East,21,15,22,15
East,22,7,24,6
East,20,7,22,6
East,14,21,15,23
East,27,0,-1,-1
East,16,11,18,11
East,23,24,24,31
East,12,25,-1,-1
East,0,20,-1,-1
East,28,26,-1,-1
East,7,25,-1,-1
East,4,12,4,12
East,21,26,-1,-1
East,16,16,17,17
East,8,16,9,17
East,11,30,-1,-1
East,17,19,18,21
East,30,27,-1,-1
East,20,13,21,13
East,12,5,13,3
East,4,11,4,11
East,5,6,6,5
East,10,23,11,30
East,28,31,-1,-1
East,28,10,29,10
East,26,30,-1,-1
East,19,6,21,5
East,12,0,-1,-1
East,4,20,5,22
East,18,19,19,21
East,0,2,-1,-1
East,9,26,-1,-1
East,11,7,12,6
East,11,24,12,31
East,4,15,5,15
East,11,1,-1,-1
East,28,14,29,14
East,1,27,-1,-1
East,17,15,18,15
East,28,2,29,0
East,11,16,12,17
East,26,27,-1,-1
East,11,15,12,15
East,29,5,30,3
East,12,4,13,2
East,2,2,3,0
East,15,9,16,9
East,23,29,-1,-1
East,11,21,12,23
East,24,26,-1,-1
East,26,2,27,0
East,27,15,28,15
East,30,26,-1,-1
East,30,5,31,3
East,5,10,6,10
East,7,19,8,21
East,6,8,7,7
East,4,29,-1,-1
East,4,18,5,20
East,6,2,7,0
East,15,21,16,23
East,25,24,26,31
East,22,27,-1,-1
East,11,22,12,29
East,21,17,22,18
East,30,3,31,1
East,26,12,27,12
East,24,0,-1,-1
East,7,18,8,20
East,31,26,-1,-1
East,28,16,29,17
East,3,14,4,14
East,30,29,-1,-1
East,9,21,10,23
East,30,8,31,7
East,8,25,-1,-1
East,14,6,15,5
East,31,9,-1,-1
East,19,4,20,2
East,3,21,4,23
East,22,19,23,21
East,13,12,14,12
East,9,11,9,11
East,25,11,27,11
East,24,27,-1,-1
East,27,31,-1,-1
East,24,6,26,5
East,15,1,-1,-1
East,21,23,22,30
East,3,25,-1,-1
East,3,24,4,31
East,24,4,25,2
East,18,2,19,0
East,11,2,12,0
East,10,17,11,18
East,7,9,8,9
East,4,1,-1,-1
East,24,28,-1,-1
East,31,25,-1,-1
East,3,13,3,13
East,6,0,-1,-1
East,16,28,-1,-1
East,13,22,14,29
East,12,7,13,6
East,19,8,21,7
East,1,25,-1,-1
East,26,22,27,29
East,13,14,14,14
East,26,3,27,1
East,25,4,26,2
East,22,14,23,14
East,9,8,10,7
East,5,23,6,30
East,17,31,-1,-1
East,23,27,-1,-1
East,2,25,-1,-1
East,19,16,20,17
East,1,14,2,14
East,17,20,18,22
East,16,20,17,22
East,5,24,6,31
East,23,13,24,13
East,19,26,-1,-1
East,14,3,15,1
East,6,30,-1,-1
East,26,19,27,21
East,0,31,-1,-1
East,24,9,25,9
East,16,22,17,29
East,10,15,11,15
East,29,2,30,0
East,26,1,-1,-1
East,29,26,-1,-1
East,7,7,8,6
East,9,2,10,0
East,9,5,10,3
East,23,19,24,21
East,31,14,-1,-1
East,2,6,3,5
East,8,14,9,14
East,1,18,2,20
East,11,26,-1,-1
East,15,25,-1,-1
East,29,1,-1,-1
East,20,10,21,10
East,9,16,10,17
East,9,25,-1,-1
East,13,13,14,13
East,3,29,-1,-1
East,20,26,-1,-1
East,23,0,-1,-1
East,10,8,11,7
East,2,1,-1,-1
East,10,3,11,1
East,0,25,-1,-1
East,22,17,23,18
East,13,11,14,11
East,27,22,28,29
East,14,8,15,7
East,18,25,-1,-1
East,9,19,10,21
East,6,25,-1,-1
East,17,3,18,1
East,1,31,-1,-1
East,11,14,12,14
East,4,7,5,6
East,19,12,20,12
East,30,19,31,21
East,20,8,22,7
East,3,11,3,11
East,6,17,7,18
East,12,14,13,14
East,21,14,22,14
East,20,4,21,2
East,2,10,3,10
East,14,19,15,21
East,18,27,-1,-1
East,2,18,3,20
East,19,0,-1,-1
East,4,23,5,30
East,27,26,-1,-1
East,19,13,20,13
East,10,29,-1,-1
East,31,10,-1,-1
East,5,14,6,14
East,12,6,13,5
East,12,1,-1,-1
East,5,5,6,3
East,26,23,27,30
East,21,18,22,20
East,14,22,15,29
East,29,22,30,29
East,18,11,20,11
East,24,14,25,14
East,15,6,18,5
East,0,28,-1,-1
East,19,3,20,1
East,19,30,-1,-1
East,14,10,15,10
East,17,6,19,5
East,1,0,-1,-1
East,29,23,30,30
East,7,10,8,10
East,23,25,-1,-1
East,24,30,-1,-1
East,21,8,23,7
East,4,19,5,21
East,29,11,31,11
East,22,26,-1,-1
East,24,24,25,31
East,3,20,4,22
East,7,4,8,2
East,22,10,23,10
East,13,24,14,31
East,31,27,-1,-1
East,17,8,18,7
East,31,31,-1,-1
East,30,17,31,18
East,12,22,13,29
East,17,17,18,18
East,15,22,16,29
East,23,15,24,15
East,9,7,10,6
East,12,19,13,21
East,18,22,19,29
East,30,7,31,6
East,7,15,8,15
East,10,2,11,0
East,30,11,31,11
East,16,19,17,21
East,23,3,24,1
East,18,6,20,5
East,21,2,22,0
East,25,12,26,12
East,13,0,-1,-1
East,22,2,23,0
East,19,11,21,11
East,3,4,4,2
East,5,18,6,20
East,16,7,17,7
East,30,21,31,23
East,20,21,21,23
East,30,31,-1,-1
East,13,19,15,21
East,2,14,3,14
East,21,22,22,29
East,20,29,-1,-1
East,13,27,-1,-1
East,8,13,8,13
East,4,24,5,31
East,7,23,8,30
East,10,30,-1,-1
East,2,31,-1,-1
East,28,25,-1,-1
East,14,26,-1,-1
East,25,17,26,18
East,27,19,28,21
East,8,26,-1,-1
East,6,3,7,1
East,8,24,9,31
East,16,31,-1,-1
East,8,2,9,0
East,15,12,16,12
East,3,12,3,12
East,16,29,-1,-1
East,26,26,-1,-1
East,27,17,28,18
East,3,30,-1,-1
East,4,0,-1,-1
East,5,11,5,11
East,5,9,6,9
East,10,0,-1,-1
East,26,10,27,10
East,22,0,-1,-1
East,13,9,14,9
East,17,5,18,3
East,16,4,17,2
East,4,31,-1,-1
East,18,5,19,3
East,15,14,16,14
East,18,0,-1,-1
East,0,0,-1,-1
East,4,17,5,18
East,29,10,30,10
East,8,11,8,11
East,18,31,-1,-1
East,13,30,-1,-1
East,30,6,31,5
East,29,31,-1,-1
East,24,29,-1,-1
East,23,11,25,11
East,23,10,24,10
East,2,15,3,15
East,26,14,27,14
East,10,16,11,17
East,21,6,23,5
East,7,8,8,7
East,3,27,-1,-1
East,20,23,21,30
East,13,2,14,0
East,15,0,-1,-1
East,26,16,27,17
East,3,22,4,29
East,1,29,-1,-1
East,25,30,-1,-1
East,2,16,3,17
East,20,2,21,0
East,14,15,15,15
East,15,24,16,31
East,15,18,17,20
East,3,5,4,3
East,25,7,27,6
East,0,19,-1,-1
East,13,21,14,23
East,0,23,-1,-1
East,12,28,-1,-1
East,18,20,19,22
East,16,12,17,12
East,25,20,26,22
East,26,21,27,23
East,25,19,26,21
East,13,8,14,7
East,8,17,9,18
East,25,15,26,15
East,26,20,27,22
East,4,21,5,23
East,9,1,-1,-1
East,6,15,7,15
East,1,4,2,2
East,24,17,25,18
East,31,29,-1,-1
East,6,31,-1,-1
East,18,7,20,6
East,14,14,15,14
East,3,1,-1,-1
East,17,24,18,31
East,26,7,28,6
East,3,6,4,5
East,10,20,11,22
East,10,31,-1,-1
East,20,16,21,17
East,9,17,10,18
East,28,1,-1,-1
East,8,28,-1,-1
East,15,7,18,6
East,19,27,-1,-1
East,2,22,3,29
East,24,22,25,29
East,22,21,23,23
East,11,29,-1,-1
East,7,27,-1,-1
East,31,16,-1,-1
East,5,21,6,23
East,25,21,26,23
East,21,9,22,9
East,18,13,19,13
East,18,29,-1,-1
East,14,29,-1,-1
East,20,20,21,22
East,31,22,-1,-1
East,3,18,4,20
East,21,11,23,11
East,8,18,9,20
East,23,7,25,6
East,1,2,2,0
East,9,24,10,31
East,11,27,-1,-1
East,0,1,-1,-1
East,22,9,23,9
East,7,2,8,0
East,15,17,17,18
East,28,7,30,6
East,4,26,-1,-1
East,17,11,19,11
East,8,31,-1,-1
East,1,9,2,9
East,20,14,21,14
East,27,6,29,5
East,29,17,30,18
East,21,4,22,2
East,31,3,-1,-1
East,15,19,16,21
East,27,4,28,2
East,6,13,6,13
East,18,18,20,20
East,22,1,-1,-1
East,19,1,-1,-1
East,29,13,30,13
East,1,7,2,6
East,11,5,12,3
East,13,20,14,22
East,27,1,-1,-1
East,12,2,13,0
East,10,11,10,11
East,1,8,2,7
East,6,16,7,17
East,4,25,-1,-1
East,31,11,-1,-1
East,31,0,-1,-1
East,28,3,29,1
East,8,30,-1,-1
East,28,24,29,31
East,26,13,27,13
East,27,2,28,0
East,29,15,30,15
East,0,9,-1,-1
East,20,6,22,5
East,2,12,2,12
East,9,6,10,5
East,29,27,-1,-1
East,4,27,-1,-1
East,1,12,1,12
East,15,2,16,0
East,19,14,20,14
East,12,11,13,11
East,19,29,-1,-1
East,13,18,16,20
East,4,8,5,7
East,22,23,23,30
East,10,14,11,14
East,20,22,21,29
East,16,1,-1,-1
East,22,12,23,12
East,28,18,29,20
East,10,6,11,5
East,27,16,28,17
East,23,12,24,12
East,19,9,20,9
East,1,3,2,1
East,24,2,25,0
East,2,27,-1,-1
East,28,21,29,23
East,4,10,5,10
East,16,10,17,10
East,22,11,24,11
East,16,3,17,1
East,14,1,-1,-1
East,1,23,2,30
East,6,14,7,14
East,20,25,-1,-1
East,22,22,23,29
East,18,24,19,31
East,18,17,19,18
East,17,10,18,10
East,21,30,-1,-1
East,15,31,-1,-1
East,18,21,19,23
East,5,16,6,17
East,29,21,30,23
East,23,26,-1,-1
East,30,4,31,2
East,23,6,25,5
East,0,5,-1,-1
East,28,4,29,2
East,10,9,11,9
East,23,21,24,23
East,4,13,4,13
East,11,28,-1,-1
East,13,5,14,3
East,1,16,2,17
East,10,25,-1,-1
East,27,14,28,14
East,8,1,-1,-1
East,20,11,22,11
East,5,17,6,18
East,15,26,-1,-1
East,7,1,-1,-1
East,27,11,29,11
East,24,11,26,11
East,17,21,18,23
East,28,19,29,21
East,4,14,5,14
East,20,19,21,21
East,8,20,9,22
East,30,30,-1,-1
East,30,16,31,17
East,17,30,-1,-1
East,29,7,31,6
East,30,25,-1,-1
East,7,21,8,23
East,6,6,7,5
East,12,30,-1,-1
East,29,9,30,9
East,5,31,-1,-1
East,25,31,-1,-1
East,6,28,-1,-1
East,31,20,-1,-1
East,10,4,11,2
East,4,6,5,5
East,18,1,-1,-1
East,5,25,-1,-1
East,17,13,18,13
East,3,16,4,17
East,26,5,27,3
East,22,8,24,7
East,17,2,18,0
East,0,17,-1,-1
East,5,26,-1,-1
East,31,12,-1,-1
East,8,23,9,30
East,2,21,3,23
East,11,17,12,20
East,30,0,-1,-1
East,21,29,-1,-1
East,13,3,14,1
East,30,9,31,9
East,0,26,-1,-1
East,7,0,-1,-1
East,15,8,16,7
East,9,10,10,10
East,17,28,-1,-1
East,6,11,6,11
East,27,20,28,22
East,21,20,22,22
East,25,18,26,20
East,1,11,1,11
East,3,19,4,21
East,4,2,5,0
East,16,14,17,14
East,11,23,12,30
East,4,16,5,17
East,29,28,-1,-1
East,31,4,-1,-1
East,25,9,26,9
East,18,23,19,30
East,23,9,24,9
East,30,1,-1,-1
East,22,25,-1,-1
East,22,6,24,5
East,0,8,-1,-1
East,3,26,-1,-1
East,26,6,28,5
East,21,12,22,12
East,31,23,-1,-1
East,27,12,28,12
East,27,5,28,3
East,11,0,-1,-1
East,5,29,-1,-1
East,6,12,6,12
East,27,21,28,23
East,15,28,-1,-1
East,14,28,-1,-1
East,31,15,-1,-1
East,31,2,-1,-1
East,5,2,6,0
East,10,10,11,10
East,6,19,7,21
East,13,15,14,15
East,0,7,-1,-1
East,15,16,17,17
East,16,18,17,20
East,20,9,21,9
East,17,22,18,29
East,24,13,25,13
East,0,14,1,14
East,28,11,30,11
East,9,31,-1,-1
East,14,9,15,9
East,0,21,-1,-1
East,8,9,9,9
East,23,30,-1,-1
East,12,31,-1,-1
East,1,19,2,21
East,29,6,31,5
East,12,17,13,20
East,13,29,-1,-1
East,6,29,-1,-1
East,21,21,22,23
East,27,23,28,30
East,23,2,24,0
East,0,27,-1,-1
East,12,18,13,20
East,28,27,-1,-1
East,28,6,30,5
East,11,20,12,22
East,22,3,23,1
East,0,6,-1,-1
East,17,26,-1,-1
East,31,13,-1,-1
East,28,28,-1,-1
East,22,18,23,20
East,20,1,-1,-1
East,31,6,-1,-1
East,5,15,6,15
East,2,11,2,11
East,8,21,9,23
East,0,15,-1,-1
East,30,12,31,12
East,13,26,-1,-1
East,11,31,-1,-1
East,8,0,-1,-1
East,21,0,-1,-1
East,5,19,6,21
East,16,9,17,9
East,21,7,23,6
East,16,2,17,0
East,19,2,20,0
East,9,29,-1,-1
East,22,28,-1,-1
East,29,24,30,31
East,24,1,-1,-1
East,14,2,15,0
East,20,24,21,31
East,3,3,4,1
East,1,15,2,15
East,2,30,-1,-1
East,12,26,-1,-1
East,22,20,23,22
East,6,10,7,10
East,6,5,7,3
East,26,18,27,20
East,26,11,28,11
East,23,1,-1,-1
East,23,18,24,20
East,17,27,-1,-1
East,29,20,30,22
East,30,23,31,30
East,18,9,19,9
East,1,20,2,22
East,11,3,12,1
East,17,23,18,30
East,5,7,6,6
East,29,25,-1,-1
East,2,28,-1,-1
East,14,24,15,31
East,31,18,-1,-1
East,27,7,29,6
East,20,27,-1,-1
East,17,18,18,20
East,14,18,16,20
East,9,23,10,30
East,0,22,-1,-1
East,27,28,-1,-1
East,4,9,5,9
East,13,23,14,30
East,9,15,10,15
East,2,26,-1,-1
East,10,28,-1,-1
East,24,16,25,17
East,8,3,9,1
East,7,31,-1,-1
East,10,5,11,3
East,17,4,18,2
East,30,18,31,20
East,16,5,17,3
East,22,30,-1,-1
East,24,15,25,15
East,18,28,-1,-1
East,29,12,30,12
East,2,8,3,7
East,25,2,26,0
East,16,30,-1,-1
East,0,29,-1,-1
East,14,23,15,30
East,8,15,9,15
East,7,3,8,1
East,9,20,10,22
East,27,18,28,20
East,7,13,7,13
East,25,14,26,14
East,23,5,24,3
East,24,10,25,10
East,5,12,5,12
East,8,10,9,10
East,18,12,19,12
East,28,0,-1,-1
East,2,19,3,21
East,24,3,25,1
East,14,27,-1,-1
East,0,11,-1,-1
East,31,7,-1,-1
East,14,0,-1,-1
East,14,7,15,6
East,31,17,-1,-1
East,11,9,12,9
East,16,21,17,23
East,2,20,3,22
East,8,19,9,21
East,5,13,5,13
East,25,22,26,29
East,19,21,20,23
East,23,14,24,14
East,24,7,26,6
East,25,6,27,5
East,21,13,22,13
East,1,24,2,31
East,23,16,24,17
East,25,28,-1,-1
East,15,5,16,3
East,30,15,31,15
East,23,23,24,30
East,17,9,18,9
East,2,4,3,2
East,15,3,16,1
East,26,29,-1,-1
East,18,8,20,7
East,26,28,-1,-1
East,14,13,15,13
East,28,17,29,18
East,5,3,6,1
East,5,27,-1,-1
East,14,30,-1,-1
East,20,18,21,20
East,9,27,-1,-1
East,9,9,10,9
East,21,27,-1,-1
East,31,28,-1,-1
East,3,10,4,10
East,26,9,27,9
East,2,3,3,1
East,6,9,7,9
East,18,14,19,14
East,18,15,19,15
East,7,17,8,18
East,19,31,-1,-1
East,16,6,18,5
East,9,30,-1,-1
East,12,8,13,7
East,17,0,-1,-1
East,11,12,11,12
East,3,28,-1,-1
East,1,28,-1,-1
East,6,24,7,31
East,16,23,17,30
East,21,24,22,31
East,25,13,26,13
East,12,13,13,13
East,19,25,-1,-1
East,15,30,-1,-1
East,7,28,-1,-1
East,31,8,-1,-1
East,7,5,8,3
East,25,25,-1,-1
East,9,14,10,14
East,9,0,-1,-1
East,14,17,16,18
East,29,19,30,21
East,9,13,9,13
East,15,27,-1,-1
East,19,7,21,6
East,20,0,-1,-1
East,30,10,31,10
East,20,30,-1,-1
East,10,1,-1,-1
East,17,1,-1,-1
East,28,13,29,13
East,6,21,7,23
East,14,25,-1,-1
East,11,19,12,21
East,1,26,-1,-1
East,19,20,20,22
East,16,24,17,31
East,23,8,25,7
East,10,27,-1,-1
East,17,14,18,14
East,14,12,15,12
East,1,6,2,5
East,0,4,-1,-1
East,17,12,18,12
East,7,14,8,14
East,1,10,2,10
East,19,18,20,20
East,16,25,-1,-1
East,12,15,13,15
East,11,25,-1,-1
East,13,1,-1,-1
East,24,25,-1,-1
East,11,10,12,10
East,7,20,8,22
East,21,1,-1,-1
East,7,22,8,29
East,18,30,-1,-1
East,25,0,-1,-1
East,10,13,10,13
East,30,22,31,29
East,27,25,-1,-1
East,2,29,-1,-1
East,19,28,-1,-1
East,12,10,13,10
East,4,3,5,1
East,7,24,8,31
East,24,23,25,30
East,0,3,-1,-1
East,28,30,-1,-1
East,23,20,24,22
East,5,0,-1,-1
East,11,8,12,7
East,31,24,-1,-1
East,28,22,29,29
East,8,27,-1,-1
East,15,20,16,22
East,25,27,-1,-1
East,4,30,-1,-1
East,27,29,-1,-1
East,9,12,9,12
East,26,15,27,15
East,13,28,-1,-1
East,3,17,4,18
East,7,6,8,5
East,18,16,19,17
East,31,30,-1,-1
East,12,24,13,31
East,13,16,14,17
East,2,9,3,9
East,20,15,21,15
East,22,5,23,3
East,13,4,14,2
East,20,31,-1,-1
East,1,5,2,3
East,31,5,-1,-1
East,23,4,24,2
East,10,12,10,12
East,17,7,19,6
East,4,28,-1,-1
East,25,29,-1,-1
East,31,21,-1,-1
East,28,20,29,22
East,6,4,7,2
East,24,8,26,7
East,8,8,9,7
East,8,22,9,29
East,29,3,30,1
East,16,13,17,13
East,16,26,-1,-1
East,20,17,21,18
East,7,12,7,12
East,13,10,14,10
East,31,19,-1,-1
East,5,22,6,29
East,23,28,-1,-1
East,27,10,28,10
East,0,18,-1,-1
East,8,6,9,5
East,15,10,16,10
East,20,12,21,12
East,23,31,-1,-1
East,10,19,11,21
East,28,5,29,3
East,2,5,3,3
East,14,4,15,2
East,18,26,-1,-1
East,24,20,25,22
East,24,31,-1,-1
East,29,14,30,14
East,12,23,13,30
East,12,27,-1,-1
East,21,3,22,1
East,8,29,-1,-1
East,5,28,-1,-1
East,25,3,26,1
East,10,22,11,29
East,8,4,9,2
East,13,6,14,5
East,25,1,-1,-1
East,21,5,22,3
East,19,19,20,21
East,4,22,5,29
East,9,18,10,20
East,15,29,-1,-1
East,28,29,-1,-1
East,12,29,-1,-1
East,12,12,13,12
East,3,7,4,6
East,19,17,20,18
East,1,13,1,13
East,2,13,2,13
East,21,19,22,21
East,0,16,-1,-1
East,7,29,-1,-1
East,6,20,7,22
East,3,15,4,15
East,30,2,31,0
East,29,16,30,17
East,19,5,20,3
East,25,5,26,3
East,16,0,-1,-1
East,26,8,28,7
East,25,8,27,7
East,1,21,2,23
East,22,15,23,15
East,18,10,19,10
East,5,20,6,22
East,2,17,3,18
East,10,21,11,23
East,12,21,13,23
East,22,24,23,31
East,5,4,6,2
East,3,8,4,7
East,21,31,-1,-1
East,16,27,-1,-1
East,22,16,23,17
East,25,10,26,10
East,28,12,29,12
East,9,28,-1,-1
East,29,30,-1,-1
East,5,1,-1,-1
East,0,12,-1,-1
East,11,18,12,20
East,21,10,22,10
East,30,28,-1,-1
East,26,24,27,31
East,12,3,13,1
East,6,1,-1,-1
East,12,20,13,22
East,3,31,-1,-1
East,15,4,16,2
East,24,18,25,20
East,0,30,-1,-1
East,3,23,4,30
East,7,30,-1,-1
East,24,5,25,3
East,27,13,28,13
East,29,4,30,2
East,18,3,19,1
East,29,8,31,7
East,29,0,-1,-1
East,16,17,17,18
East,25,23,26,30
East,14,11,15,11
East,11,13,11,13
East,26,4,27,2
East,14,16,16,17
East,27,9,28,9
East,18,4,19,2
East,15,15,16,15
East,8,5,9,3
East,13,17,16,18
East,27,24,28,31
East,6,23,7,30
East,14,5,15,3
East,3,9,4,9
East,7,16,8,17
East,10,18,11,20
East,11,6,15,6
East,1,1,-1,-1
East,14,31,-1,-1
East,2,23,3,30
East,12,16,13,17
East,15,11,16,11
East,2,7,3,6
East,22,29,-1,-1
East,11,11,11,11
East,6,26,-1,-1
East,4,5,5,3
East,21,28,-1,-1
East,6,18,7,20
East,14,20,15,22
East,0,24,-1,-1
East,28,8,30,7
East,10,26,-1,-1
East,30,24,31,31
East,19,15,20,15
East,20,3,21,1
East,22,13,23,13
East,6,22,7,29
East,11,4,12,2
East,22,31,-1,-1
West,21,16,20,17
West,3,0,-1,-1
West,5,8,2,7
West,24,21,23,23
West,9,3,8,1
West,30,13,31,13
West,31,1,-1,-1
West,2,24,1,31
West,19,24,18,31
West,2,0,-1,-1
West,0,10,-1,-1
West,24,12,26,12
West,27,3,26,1
West,10,7,8,6
West,28,15,27,15
West,26,31,31,-1
West,1,30,31,-1
West,27,27,31,-1
West,17,16,15,17
West,24,19,23,21
West,8,7,6,6
West,19,10,18,10
West,26,17,25,18
West,12,9,11,9
West,6,7,4,6
West,5,30,31,-1
West,7,26,31,-1
West,26,25,31,-1
West,1,22,0,29
West,0,13,-1,-1
West,23,22,22,29
West,13,7,11,6
West,9,22,8,29
West,10,24,9,31
West,16,8,15,7
West,25,26,31,-1
West,17,25,31,-1
West,13,25,31,-1
West,28,9,27,9
West,22,4,21,2
West,26,0,-1,-1
West,17,29,31,-1
West,19,22,18,29
West,15,13,14,13
West,30,14,29,14
West,30,20,29,22
West,4,4,3,2
West,3,2,2,0
West,19,23,18,30
West,8,12,7,12
West,7,11,5,11
West,28,23,27,30
West,27,30,31,-1
West,9,4,8,2
West,20,28,31,-1
West,1,17,0,18
West,29,29,31,-1
West,27,8,26,7
West,13,31,31,-1
West,23,17,22,18
West,29,18,28,20
West,25,16,24,17
West,20,5,19,3
West,21,25,31,-1
West,6,27,31,-1
West,16,15,15,15
West,15,23,14,30
West,21,15,20,15
West,22,7,21,6
West,20,7,19,6
West,14,21,13,23
West,27,0,-1,-1
West,16,11,15,11
West,23,24,22,31
West,12,25,31,-1
West,0,20,-1,-1
West,28,26,31,-1
West,7,25,31,-1
West,4,12,3,12
West,21,26,31,-1
West,16,16,14,17
West,8,16,7,17
West,11,30,31,-1
West,17,19,16,21
West,30,27,31,-1
West,20,13,22,13
West,12,5,11,3
West,4,11,2,11
West,5,6,3,5
West,10,23,9,30
West,28,31,31,-1
West,28,10,27,10
West,26,30,31,-1
West,19,6,18,5
West,12,0,-1,-1
West,4,20,3,22
West,18,19,16,21
West,0,2,-1,-1
West,9,26,31,-1
West,11,7,9,6
West,11,24,10,31
West,4,15,3,15
West,11,1,-1,-1
West,28,14,27,14
West,1,27,31,-1
West,17,15,16,15
West,28,2,27,0
West,11,16,10,17
West,26,27,31,-1
West,11,15,10,15
West,29,5,28,3
West,12,4,11,2
West,2,2,1,0
West,15,9,14,9
West,23,29,31,-1
West,11,21,10,23
West,24,26,31,-1
West,26,2,25,0
West,27,15,26,15
West,30,26,31,-1
West,30,5,29,3
West,5,10,4,10
West,7,19,6,21
West,6,8,3,7
West,4,29,31,-1
West,4,18,3,20
West,6,2,5,0
West,15,21,14,23
West,25,24,24,31
West,22,27,31,-1
West,11,22,10,29
West,21,17,20,18
West,30,3,29,1
West,26,12,28,12
West,24,0,-1,-1
West,7,18,6,20
West,31,26,-1,-1
West,28,16,27,17
West,3,14,2,14
West,30,29,31,-1
West,9,21,8,23
West,30,8,29,7
West,8,25,31,-1
West,14,6,12,5
West,31,9,-1,-1
West,19,4,18,2
West,3,21,2,23
West,22,19,21,21
West,13,12,12,12
West,9,11,7,11
West,25,11,25,11
West,24,27,31,-1
West,27,31,31,-1
West,24,6,23,5
West,15,1,-1,-1
West,21,23,20,30
West,3,25,31,-1
West,3,24,2,31
West,24,4,23,2
West,18,2,17,0
West,11,2,10,0
West,10,17,9,18
West,7,9,6,9
West,4,1,-1,-1
West,24,28,31,-1
West,31,25,-1,-1
West,3,13,2,13
West,6,0,-1,-1
West,16,28,31,-1
West,13,22,12,29
West,12,7,10,6
West,19,8,18,7
West,1,25,31,-1
West,26,22,25,29
West,13,14,12,14
West,26,3,25,1
West,25,4,24,2
West,22,14,21,14
West,9,8,6,7
West,5,23,4,30
West,17,31,31,-1
West,23,27,31,-1
West,2,25,31,-1
West,19,16,18,17
West,1,14,0,14
West,17,20,16,22
West,16,20,15,22
West,5,24,4,31
West,23,13,25,13
West,19,26,31,-1
West,14,3,13,1
West,6,30,31,-1
West,26,19,25,21
West,0,31,-1,-1
West,24,9,23,9
West,16,22,15,29
West,10,15,9,15
West,29,2,28,0
West,26,1,-1,-1
West,29,26,31,-1
West,7,7,5,6
West,9,2,8,0
West,9,5,8,3
West,23,19,22,21
West,31,14,-1,-1
West,2,6,0,5
West,8,14,7,14
West,1,18,0,20
West,11,26,31,-1
West,15,25,31,-1
West,29,1,-1,-1
West,20,10,19,10
West,9,16,8,17
West,9,25,31,-1
West,13,13,12,13
West,3,29,31,-1
West,20,26,31,-1
West,23,0,-1,-1
West,10,8,7,7
West,2,1,-1,-1
West,10,3,9,1
West,0,25,-1,-1
West,22,17,21,18
West,13,11,11,11
West,27,22,26,29
West,14,8,13,7
West,18,25,31,-1
West,9,19,8,21
West,6,25,31,-1
West,17,3,16,1
West,1,31,31,-1
West,11,14,10,14
West,4,7,2,6
West,19,12,21,12
West,30,19,29,21
West,20,8,19,7
West,3,11,1,11
West,6,17,5,18
West,12,14,11,14
West,21,14,20,14
West,20,4,19,2
West,2,10,1,10
West,14,19,13,21
West,18,27,31,-1
West,2,18,1,20
West,19,0,-1,-1
West,4,23,3,30
West,27,26,31,-1
West,19,13,21,13
West,10,29,31,-1
West,31,10,-1,-1
West,5,14,4,14
West,12,6,10,5
West,12,1,-1,-1
West,5,5,4,3
West,26,23,25,30
West,21,18,20,20
West,14,22,13,29
West,29,22,28,29
West,18,11,17,11
West,24,14,23,14
West,15,6,13,5
West,0,28,-1,-1
West,19,3,18,1
West,19,30,31,-1
West,14,10,13,10
West,17,6,16,5
West,1,0,-1,-1
West,29,23,28,30
West,7,10,6,10
West,23,25,31,-1
West,24,30,31,-1
West,21,8,20,7
West,4,19,3,21
West,29,11,29,11
West,22,26,31,-1
West,24,24,23,31
West,3,20,2,22
West,7,4,6,2
West,22,10,21,10
West,13,24,12,31
West,31,27,-1,-1
West,17,8,16,7
West,31,31,-1,-1
West,30,17,29,18
West,12,22,11,29
West,17,17,15,18
West,15,22,14,29
West,23,15,22,15
West,9,7,7,6
West,12,19,11,21
West,18,22,17,29
West,30,7,29,6
West,7,15,6,15
West,10,2,9,0
West,30,11,30,11
West,16,19,15,21
West,23,3,22,1
West,18,6,17,5
West,21,2,20,0
West,25,12,27,12
West,13,0,-1,-1
West,22,2,21,0
West,19,11,18,11
West,3,4,2,2
West,5,18,4,20
West,16,7,13,6
West,30,21,29,23
West,20,21,19,23
West,30,31,31,-1
West,13,19,12,21
West,2,14,1,14
West,21,22,20,29
West,20,29,31,-1
West,13,27,31,-1
West,8,13,7,13
West,4,24,3,31
West,7,23,6,30
West,10,30,31,-1
West,2,31,31,-1
West,28,25,31,-1
West,14,26,31,-1
West,25,17,24,18
West,27,19,26,21
West,8,26,31,-1
West,6,3,5,1
West,8,24,7,31
West,16,31,31,-1
West,8,2,7,0
West,15,12,14,12
West,3,12,2,12
West,16,29,31,-1
West,26,26,31,-1
West,27,17,26,18
West,3,30,31,-1
West,4,0,-1,-1
West,5,11,3,11
West,5,9,4,9
West,10,0,-1,-1
West,26,10,25,10
West,22,0,-1,-1
West,13,9,12,9
West,17,5,18,3
West,16,4,15,2
West,4,31,31,-1
West,18,5,17,3
West,15,14,14,14
West,18,0,-1,-1
West,0,0,-1,-1
West,4,17,3,18
West,29,10,28,10
West,8,11,6,11
West,18,31,31,-1
West,13,30,31,-1
West,30,6,29,5
West,29,31,31,-1
West,24,29,31,-1
West,23,11,23,11
West,23,10,22,10
West,2,15,1,15
West,26,14,25,14
West,10,16,9,17
West,21,6,20,5
West,7,8,4,7
West,3,27,31,-1
West,20,23,19,30
West,13,2,12,0
West,15,0,-1,-1
West,26,16,25,17
West,3,22,2,29
West,1,29,31,-1
West,25,30,31,-1
West,2,16,1,17
West,20,2,19,0
West,14,15,13,15
West,15,24,14,31
West,15,18,14,20
West,3,5,2,3
West,25,7,24,6
West,0,19,-1,-1
West,13,21,12,23
West,0,23,-1,-1
West,12,28,31,-1
West,18,20,17,22
West,16,12,15,12
West,25,20,24,22
West,26,21,25,23
West,25,19,24,21
West,13,8,10,7
West,8,17,7,18
West,25,15,24,15
West,26,20,25,22
West,4,21,3,23
West,9,1,-1,-1
West,6,15,5,15
West,1,4,0,2
West,24,17,23,18
West,31,29,-1,-1
West,6,31,31,-1
West,18,7,17,6
West,14,14,13,14
West,3,1,-1,-1
West,17,24,16,31
West,26,7,25,6
West,3,6,0,5
West,10,20,9,22
West,10,31,31,-1
West,20,16,19,17
West,9,17,8,18
West,28,1,-1,-1
West,8,28,31,-1
West,15,7,14,7
West,19,27,31,-1
West,2,22,1,29
West,24,22,23,29
West,22,21,21,23
West,11,29,31,-1
West,7,27,31,-1
West,31,16,-1,-1
West,5,21,4,23
West,25,21,24,23
West,21,9,20,9
West,18,13,17,13
West,18,29,31,-1
West,14,29,31,-1
West,20,20,19,22
West,31,22,-1,-1
West,3,18,2,20
West,21,11,21,11
West,8,18,7,20
West,23,7,22,6
West,1,2,0,0
West,9,24,8,31
West,11,27,31,-1
West,0,1,-1,-1
West,22,9,21,9
West,7,2,6,0
West,15,17,14,18
West,28,7,27,6
West,4,26,31,-1
West,17,11,16,11
West,8,31,31,-1
West,1,9,0,9
West,20,14,19,14
West,27,6,26,5
West,29,17,28,18
West,21,4,20,2
West,31,3,-1,-1
West,15,19,14,21
West,27,4,26,2
West,6,13,5,13
West,18,18,15,20
West,22,1,-1,-1
West,19,1,-1,-1
West,29,13,30,13
West,1,7,0,6
West,11,5,10,3
West,13,20,12,22
West,27,1,-1,-1
West,12,2,11,0
West,10,11,8,11
West,1,8,0,7
West,6,16,5,17
West,4,25,31,-1
West,31,11,-1,-1
West,31,0,-1,-1
West,28,3,27,1
West,8,30,31,-1
West,28,24,27,31
West,26,13,28,13
West,27,2,26,0
West,29,15,28,15
West,0,9,-1,-1
West,20,6,16,6
West,2,12,1,12
West,9,6,7,5
West,29,27,31,-1
West,4,27,31,-1
West,1,12,0,12
West,15,2,14,0
West,19,14,18,14
West,12,11,10,11
West,19,29,31,-1
West,13,18,11,20
West,4,8,1,7
West,22,23,21,30
West,10,14,9,14
West,20,22,19,29
West,16,1,-1,-1
West,22,12,24,12
West,28,18,27,20
West,10,6,8,5
West,27,16,26,17
West,23,12,25,12
West,19,9,18,9
West,1,3,0,1
West,24,2,23,0
West,2,27,31,-1
West,28,21,27,23
West,4,10,3,10
West,16,10,15,10
West,22,11,22,11
West,16,3,15,1
West,14,1,-1,-1
West,1,23,0,30
West,6,14,5,14
West,20,25,31,-1
West,22,22,21,29
West,18,24,17,31
West,18,17,15,18
West,17,10,16,10
West,21,30,31,-1
West,15,31,31,-1
West,18,21,17,23
West,5,16,4,17
West,29,21,28,23
West,23,26,31,-1
West,30,4,29,2
West,23,6,22,5
West,0,5,-1,-1
West,28,4,27,2
West,10,9,9,9
West,23,21,22,23
West,4,13,3,13
West,11,28,31,-1
West,13,5,12,3
West,1,16,0,17
West,10,25,31,-1
West,27,14,26,14
West,8,1,-1,-1
West,20,11,20,11
West,5,17,4,18
West,15,26,31,-1
West,7,1,-1,-1
West,27,11,27,11
West,24,11,24,11
West,17,21,16,23
West,28,19,27,21
West,4,14,3,14
West,20,19,19,21
West,8,20,7,22
West,30,30,31,-1
West,30,16,29,17
West,17,30,31,-1
West,29,7,28,6
West,30,25,31,-1
West,7,21,6,23
West,6,6,4,5
West,12,30,31,-1
West,29,9,28,9
West,5,31,31,-1
West,25,31,31,-1
West,6,28,31,-1
West,31,20,-1,-1
West,10,4,9,2
West,4,6,2,5
West,18,1,-1,-1
West,5,25,31,-1
West,17,13,16,13
West,3,16,2,17
West,26,5,25,3
West,22,8,21,7
West,17,2,16,0
West,0,17,-1,-1
West,5,26,31,-1
West,31,12,-1,-1
West,8,23,7,30
West,2,21,1,23
West,11,17,10,18
West,30,0,-1,-1
West,21,29,31,-1
West,13,3,12,1
West,30,9,29,9
West,0,26,-1,-1
West,7,0,-1,-1
West,15,8,14,7
West,9,10,8,10
West,17,28,31,-1
West,6,11,4,11
West,27,20,26,22
West,21,20,20,22
West,25,18,24,20
West,1,11,0,11
West,3,19,2,21
West,4,2,3,0
West,16,14,15,14
West,11,23,10,30
West,4,16,3,17
West,29,28,31,-1
West,31,4,-1,-1
West,25,9,24,9
West,18,23,17,30
West,23,9,22,9
West,30,1,-1,-1
West,22,25,31,-1
West,22,6,21,5
West,0,8,-1,-1
West,3,26,31,-1
West,26,6,25,5
West,21,12,23,12
West,31,23,-1,-1
West,27,12,29,12
West,27,5,26,3
West,11,0,-1,-1
West,5,29,31,-1
West,6,12,5,12
West,27,21,26,23
West,15,28,31,-1
West,14,28,31,-1
West,31,15,-1,-1
West,31,2,-1,-1
West,5,2,4,0
West,10,10,9,10
West,6,19,5,21
West,13,15,12,15
West,0,7,-1,-1
West,15,16,14,17
West,16,18,14,20
West,20,9,19,9
West,17,22,16,29
West,24,13,26,13
West,0,14,0,14
West,28,11,28,11
West,9,31,31,-1
West,14,9,13,9
West,0,21,-1,-1
West,8,9,7,9
West,23,30,31,-1
West,12,31,31,-1
West,1,19,0,21
West,29,6,28,5
West,12,17,11,18
West,13,29,31,-1
West,6,29,31,-1
West,21,21,20,23
West,27,23,26,30
West,23,2,22,0
West,0,27,-1,-1
West,12,18,11,20
West,28,27,31,-1
West,28,6,27,5
West,11,20,10,22
West,22,3,21,1
West,0,6,-1,-1
West,17,26,31,-1
West,31,13,-1,-1
West,28,28,31,-1
West,22,18,21,20
West,20,1,-1,-1
West,31,6,-1,-1
West,5,15,4,15
West,2,11,0,11
West,8,21,7,23
West,0,15,-1,-1
West,30,12,31,12
West,13,26,31,-1
West,11,31,31,-1
West,8,0,-1,-1
West,21,0,-1,-1
West,5,19,4,21
West,16,9,15,9
West,21,7,20,6
West,16,2,15,0
West,19,2,18,0
West,9,29,31,-1
West,22,28,31,-1
West,29,24,28,31
West,24,1,-1,-1
West,14,2,13,0
West,20,24,19,31
West,3,3,2,1
West,1,15,0,15
West,2,30,31,-1
West,12,26,31,-1
West,22,20,21,22
West,6,10,5,10
West,6,5,5,3
West,26,18,25,20
West,26,11,26,11
West,23,1,-1,-1
West,23,18,22,20
West,17,27,31,-1
West,29,20,28,22
West,30,23,29,30
West,18,9,17,9
West,1,20,0,22
West,11,3,10,1
West,17,23,16,30
West,5,7,3,6
West,29,25,31,-1
West,2,28,31,-1
West,14,24,13,31
West,31,18,-1,-1
West,27,7,26,6
West,20,27,31,-1
West,17,18,15,20
West,14,18,13,20
West,9,23,8,30
West,0,22,-1,-1
West,27,28,31,-1
West,4,9,3,9
West,13,23,12,30
West,9,15,8,15
West,2,26,31,-1
West,10,28,31,-1
West,24,16,23,17
West,8,3,7,1
West,7,31,31,-1
West,10,5,9,3
West,17,4,16,2
West,30,18,29,20
West,16,5,15,3
West,22,30,31,-1
West,24,15,23,15
West,18,28,31,-1
West,29,12,30,12
West,2,8,0,7
West,25,2,24,0
West,16,30,31,-1
West,0,29,-1,-1
West,14,23,13,30
West,8,15,7,15
West,7,3,6,1
West,9,20,8,22
West,27,18,26,20
West,7,13,6,13
West,25,14,24,14
West,23,5,22,3
West,24,10,23,10
West,5,12,4,12
West,8,10,7,10
West,18,12,17,12
West,28,0,-1,-1
West,2,19,1,21
West,24,3,23,1
West,14,27,31,-1
West,0,11,-1,-1
West,31,7,-1,-1
West,14,0,-1,-1
West,14,7,12,6
West,31,17,-1,-1
West,11,9,10,9
West,16,21,15,23
West,2,20,1,22
West,8,19,7,21
West,5,13,4,13
West,25,22,24,29
West,19,21,18,23
West,23,14,22,14
West,24,7,23,6
West,25,6,24,5
West,21,13,23,13
West,1,24,0,31
West,23,16,22,17
West,25,28,31,-1
West,15,5,14,3
West,30,15,30,15
West,23,23,22,30
West,17,9,16,9
West,2,4,1,2
West,15,3,14,1
West,26,29,31,-1
West,18,8,17,7
West,26,28,31,-1
West,14,13,13,13
West,28,17,27,18
West,5,3,4,1
West,5,27,31,-1
West,14,30,31,-1
West,20,18,19,20
West,9,27,31,-1
West,9,9,8,9
West,21,27,31,-1
West,31,28,-1,-1
West,3,10,2,10
West,26,9,25,9
West,2,3,1,1
West,6,9,5,9
West,18,14,17,14
West,18,15,17,15
West,7,17,6,18
West,19,31,31,-1
West,16,6,15,5
West,9,30,31,-1
West,12,8,9,7
West,17,0,-1,-1
West,11,12,10,12
West,3,28,31,-1
West,1,28,31,-1
West,6,24,5,31
West,16,23,15,30
West,21,24,20,31
West,25,13,27,13
West,12,13,11,13
West,19,25,31,-1
West,15,30,31,-1
West,7,28,31,-1
West,31,8,-1,-1
West,7,5,6,3
West,25,25,31,-1
West,9,14,8,14
West,9,0,-1,-1
West,14,17,13,18
West,29,19,28,21
West,9,13,8,13
West,15,27,31,-1
West,19,7,18,6
West,20,0,-1,-1
West,30,10,29,10
West,20,30,31,-1
West,10,1,-1,-1
West,17,1,-1,-1
West,28,13,30,13
West,6,21,5,23
West,14,25,31,-1
West,11,19,10,21
West,1,26,31,-1
West,19,20,18,22
West,16,24,15,31
West,23,8,22,7
West,10,27,31,-1
West,17,14,16,14
West,14,12,13,12
West,1,6,0,5
West,0,4,-1,-1
West,17,12,16,12
West,7,14,6,14
West,1,10,0,10
West,19,18,18,20
West,16,25,31,-1
West,12,15,11,15
West,11,25,31,-1
West,13,1,-1,-1
West,24,25,31,-1
West,11,10,10,10
West,7,20,6,22
West,21,1,-1,-1
West,7,22,6,29
West,18,30,31,-1
West,25,0,-1,-1
West,10,13,9,13
West,30,22,29,29
West,27,25,31,-1
West,2,29,31,-1
West,19,28,31,-1
West,12,10,11,10
West,4,3,3,1
West,7,24,6,31
West,24,23,23,30
West,0,3,-1,-1
West,28,30,31,-1
West,23,20,22,22
West,5,0,-1,-1
West,11,8,8,7
West,31,24,-1,-1
West,28,22,27,29
West,8,27,31,-1
West,15,20,14,22
West,25,27,31,-1
West,4,30,31,-1
West,27,29,31,-1
West,9,12,8,12
West,26,15,25,15
West,13,28,31,-1
West,3,17,2,18
West,7,6,5,5
West,18,16,17,17
West,31,30,-1,-1
West,12,24,11,31
West,13,16,12,17
West,2,9,1,9
West,20,15,19,15
West,22,5,21,3
West,13,4,12,2
West,20,31,31,-1
West,1,5,0,3
West,31,5,-1,-1
West,23,4,22,2
West,10,12,9,12
West,17,7,16,6
West,4,28,31,-1
West,25,29,31,-1
West,31,21,-1,-1
West,28,20,27,22
West,6,4,5,2
West,24,8,23,7
West,8,8,5,7
West,8,22,7,29
West,29,3,28,1
West,16,13,15,13
West,16,26,31,-1
West,20,17,19,20
West,7,12,6,12
West,13,10,12,10
West,31,19,-1,-1
West,5,22,4,29
West,23,28,31,-1
West,27,10,26,10
West,0,18,-1,-1
West,8,6,6,5
West,15,10,14,10
West,20,12,22,12
West,23,31,31,-1
West,10,19,9,21
West,28,5,27,3
West,2,5,1,3
West,14,4,13,2
West,18,26,31,-1
West,24,20,23,22
West,24,31,31,-1
West,29,14,28,14
West,12,23,11,30
West,12,27,31,-1
West,21,3,20,1
West,8,29,31,-1
West,5,28,31,-1
West,25,3,24,1
West,10,22,9,29
West,8,4,7,2
West,13,6,11,5
West,25,1,-1,-1
West,21,5,20,3
West,19,19,18,21
West,4,22,3,29
West,9,18,8,20
West,15,29,31,-1
West,28,29,31,-1
West,12,29,31,-1
West,12,12,11,12
West,3,7,0,6
West,19,17,18,20
West,1,13,0,13
West,2,13,1,13
West,21,19,20,21
West,0,16,-1,-1
West,7,29,31,-1
West,6,20,5,22
West,3,15,2,15
West,30,2,29,0
West,29,16,28,17
West,19,5,18,3
West,25,5,24,3
West,16,0,-1,-1
West,26,8,25,7
West,25,8,24,7
West,1,21,0,23
West,22,15,21,15
West,18,10,17,10
West,5,20,4,22
West,2,17,1,18
West,10,21,9,23
West,12,21,11,23
West,22,24,21,31
West,5,4,4,2
West,3,8,0,7
West,21,31,31,-1
West,16,27,31,-1
West,22,16,21,17
West,25,10,24,10
West,28,12,30,12
West,9,28,31,-1
West,29,30,31,-1
West,5,1,-1,-1
West,0,12,-1,-1
West,11,18,10,20
West,21,10,20,10
West,30,28,31,-1
West,26,24,25,31
West,12,3,11,1
West,6,1,-1,-1
West,12,20,11,22
West,3,31,31,-1
West,15,4,14,2
West,24,18,23,20
West,0,30,-1,-1
West,3,23,2,30
West,7,30,31,-1
West,24,5,23,3
West,27,13,29,13
West,29,4,28,2
West,18,3,17,1
West,29,8,28,7
West,29,0,-1,-1
West,16,17,14,18
West,25,23,24,30
West,14,11,12,11
West,11,13,10,13
West,26,4,25,2
West,14,16,13,17
West,27,9,26,9
West,18,4,17,2
West,15,15,14,15
West,8,5,7,3
West,13,17,12,18
West,27,24,26,31
West,6,23,5,30
West,14,5,13,3
West,3,9,2,9
West,7,16,6,17
West,10,18,9,20
West,11,6,9,5
West,1,1,-1,-1
West,14,31,31,-1
West,2,23,1,30
West,12,16,11,17
West,15,11,13,11
West,2,7,0,6
West,22,29,31,-1
West,11,11,9,11
West,6,26,31,-1
West,4,5,3,3
West,21,28,31,-1
West,6,18,5,20
West,14,20,13,22
West,0,24,-1,-1
West,28,8,27,7
West,10,26,31,-1
West,30,24,29,31
West,19,15,18,15
West,20,3,19,1
West,22,13,24,13
West,6,22,5,29
West,11,4,10,2
West,22,31,31,-1