South,23,21,23,21
South,26,5,18,11
South,27,16,27,16
South,24,6,25,13
South,15,14,24,15
South,3,12,12,13
South,15,30,15,30
South,12,15,21,16
South,16,2,16,2
South,14,23,14,23
South,15,22,24,23
South,4,2,4,2
South,2,27,23,25
South,20,7,21,14
South,16,27,16,27
South,19,14,19,14
South,6,24,17,24
South,5,19,14,20
South,30,28,30,28
South,7,9,16,10
South,22,25,22,25
South,7,12,16,13
South,11,31,21,29
South,5,25,16,25
South,3,13,12,14
South,3,9,12,10
South,5,2,5,2
South,20,13,20,13
South,26,18,26,18
South,25,8,17,14
South,3,6,3,6
South,6,25,17,25
South,22,7,23,14
South,8,12,17,13
South,30,27,30,27
South,11,7,11,7
South,30,29,30,29
South,28,5,20,11
South,28,0,28,0
South,18,24,18,24
South,29,16,29,16
South,3,28,14,28
South,5,30,16,30
South,0,17,9,18
South,23,30,23,30
South,14,25,14,25
South,6,1,6,1
South,12,21,21,22
South,22,18,22,18
South,31,27,31,27
South,18,7,18,7
South,28,14,28,14
South,24,22,24,22
South,0,28,21,26
South,12,25,22,23
South,17,26,17,26
South,30,24,30,24
South,0,18,19,17
South,19,3,19,3
South,6,5,6,5
South,13,15,22,16
South,14,13,23,14
South,1,20,20,19
South,4,25,15,25
South,17,6,17,6
South,0,7,0,7
South,10,0,10,0
South,16,6,16,6
South,18,27,18,27
South,6,7,6,7
South,6,12,15,13
South,27,29,27,29
South,18,1,18,1
South,5,14,14,15
South,27,5,19,11
South,7,20,16,21
South,4,5,4,5
South,16,16,25,17
South,22,26,22,26
South,27,4,19,10
South,26,30,26,30
South,22,31,22,31
South,16,3,16,3
South,12,20,21,21
South,29,9,29,9
South,14,1,14,1
South,4,7,4,7
South,9,11,18,12
South,6,11,15,12
South,22,8,23,15
South,11,17,20,18
South,10,18,19,19
South,5,28,16,28
South,5,1,5,1
South,22,15,22,15
South,24,21,24,21
South,8,21,19,21
South,17,15,17,15
South,1,13,10,14
South,20,0,20,0
South,10,16,19,17
South,18,26,18,26
South,24,11,25,18
South,6,20,15,21
South,24,18,24,18
South,23,29,23,29
South,11,14,20,15
South,11,13,20,14
South,24,3,25,10
South,23,19,23,19
South,28,22,28,22
South,4,15,13,16
South,25,15,25,15
South,30,9,30,9
South,4,11,13,12
South,31,20,31,20
South,15,9,24,10
South,15,8,24,9
South,25,22,25,22
South,27,12,19,18
South,9,27,20,27
South,20,14,20,14
South,15,26,15,26
South,17,10,17,10
South,14,29,14,29
South,22,9,23,16
South,25,6,17,12
South,12,22,21,23
South,19,16,19,16
South,26,29,26,29
South,10,25,20,23
South,6,14,15,15
South,21,3,22,10
South,8,1,8,1
South,27,0,27,0
South,8,14,17,15
South,30,25,30,25
South,15,18,24,19
South,7,11,16,12
South,5,18,14,19
South,31,24,31,24
South,27,27,27,27
South,7,19,16,20
South,15,16,24,17
South,20,22,20,22
South,2,22,22,23
South,31,10,31,10
South,12,0,12,0
South,1,15,10,16
South,20,12,21,19
South,7,31,18,31
South,22,29,22,29
South,4,27,15,27
South,27,9,19,15
South,2,26,23,24
South,4,9,13,10
South,24,27,24,27
South,20,4,21,11
South,17,27,17,27
South,30,17,30,17
South,7,2,7,2
South,0,21,20,22
South,17,14,17,14
South,7,13,16,14
South,4,8,13,9
South,9,30,20,30
South,24,15,24,15
South,1,6,1,6
South,10,26,20,24
South,2,14,11,15
South,10,28,20,26
South,10,22,19,23
South,22,6,23,13
South,17,18,17,18
South,25,26,25,26
South,3,8,12,9
South,31,12,31,12
South,14,27,14,27
South,28,15,28,15
South,18,13,18,13
South,16,28,16,28
South,5,20,14,21
South,13,14,22,15
South,19,20,19,20
South,29,8,29,8
South,9,22,20,22
South,4,1,4,1
South,0,29,21,27
South,29,15,29,15
South,20,19,20,19
South,18,21,18,21
South,30,18,30,18
South,28,2,20,8
South,30,26,30,26
South,23,28,23,28
South,21,16,21,16
South,14,0,14,0
South,3,19,22,18
South,2,2,2,2
South,17,23,17,23
South,20,18,20,18
South,28,29,28,29
South,10,3,10,3
South,30,6,30,6
South,3,29,14,29
South,15,10,24,11
South,23,5,24,12
South,24,0,24,0
South,18,11,18,11
South,17,9,17,9
South,2,9,11,10
South,27,31,27,31
South,0,30,21,28
South,29,22,29,22
South,16,11,25,12
South,4,10,13,11
South,4,29,15,29
South,1,18,20,17
South,1,28,22,26
South,28,25,28,25
South,16,24,16,24
South,25,17,25,17
South,8,26,19,26
South,6,9,15,10
South,9,6,9,6
South,25,4,17,10
South,31,14,31,14
South,15,1,15,1
South,8,2,8,2
South,2,20,21,19
South,8,10,17,11
South,13,27,23,25
South,5,16,14,17
South,2,30,23,28
South,13,24,23,22
South,27,21,27,21
South,15,19,24,20
South,25,13,25,13
South,24,30,24,30
South,13,13,22,14
South,29,12,29,12
South,24,28,24,28
South,18,22,18,22
South,21,1,13,7
South,5,6,5,6
South,3,2,3,2
South,9,10,18,11
South,12,1,12,1
South,24,13,24,13
South,24,20,24,20
South,23,16,23,16
South,30,31,30,31
South,23,15,23,15
South,4,18,23,17
South,6,13,15,14
South,17,31,17,31
South,31,16,31,16
South,27,24,27,24
South,18,8,18,8
South,12,29,22,27
South,21,21,21,21
South,26,20,26,20
South,16,12,25,13
South,18,6,18,6
South,13,1,13,1
South,8,16,17,17
South,16,30,16,30
South,13,9,22,10
South,28,30,28,30
South,25,5,17,11
South,10,9,19,10
South,21,29,21,29
South,1,31,22,29
South,2,12,11,13
South,9,9,18,10
South,12,30,22,28
South,9,28,20,28
South,24,5,25,12
South,18,0,18,0
South,4,19,23,18
South,5,27,16,27
South,10,27,20,25
South,24,10,25,17
South,25,7,17,13
South,26,16,26,16
South,15,20,24,21
South,10,4,10,4
South,11,3,11,3
South,0,13,9,14
South,21,31,21,31
South,30,15,30,15
South,8,6,8,6
South,2,16,11,17
South,12,18,21,19
South,12,12,21,13
South,8,20,17,21
South,2,25,23,23
South,3,0,3,0
South,12,8,21,9
South,17,24,17,24
South,23,13,23,13
South,13,6,13,6
South,18,31,18,31
South,25,0,25,0
South,23,27,23,27
South,2,18,21,17
South,8,28,19,28
South,14,7,14,7
South,28,3,20,9
South,10,14,19,15
South,15,28,15,28
South,23,10,24,17
South,25,18,25,18
South,0,15,9,16
South,25,27,25,27
South,17,12,17,12
South,17,22,17,22
South,29,14,29,14
South,11,5,11,5
South,2,13,11,14
South,30,14,30,14
South,6,0,6,0
South,16,31,16,31
South,5,21,25,22
South,19,19,19,19
South,27,2,19,8
South,5,8,14,9
South,3,14,12,15
South,22,22,22,22
South,29,21,29,21
South,8,13,17,14
South,4,12,13,13
South,14,15,23,16
South,10,1,10,1
South,15,11,24,12
South,14,8,23,9
South,25,2,17,8
South,22,10,23,17
South,12,11,21,12
South,25,19,25,19
South,5,29,16,29
South,18,14,18,14
South,29,11,29,11
South,8,15,17,16
South,17,0,17,0
South,11,10,20,11
South,6,17,15,18
South,11,6,11,6
South,30,19,30,19
South,26,23,26,23
South,3,31,14,31
South,19,9,19,9
South,19,7,19,7
South,7,27,18,27
South,0,27,21,25
South,19,2,19,2
South,2,29,23,27
South,15,27,15,27
South,17,1,17,1
South,6,31,17,31
South,29,6,29,6
South,19,22,19,22
South,27,19,27,19
South,3,26,14,26
South,19,24,19,24
South,2,5,2,5
South,8,17,17,18
South,21,17,21,17
South,25,30,25,30
South,10,6,10,6
South,15,29,15,29
South,27,17,27,17
South,7,23,18,23
South,9,21,20,21
South,3,15,12,16
South,0,19,19,18
South,7,30,18,30
South,29,29,29,29
South,6,28,17,28
South,25,24,25,24
South,7,29,18,29
South,21,18,21,18
South,30,21,30,21
South,31,23,31,23
South,30,22,30,22
South,28,19,28,19
South,30,4,30,4
South,3,23,14,23
South,18,18,18,18
South,5,9,14,10
South,7,5,7,5
South,28,18,28,18
South,20,2,21,9
South,5,31,16,31
South,30,5,30,5
South,13,16,22,17
South,24,2,25,9
South,24,17,24,17
South,26,31,26,31
South,22,24,22,24
South,10,29,20,27
South,16,0,16,0
South,1,21,21,22
South,1,10,10,11
South,8,8,17,9
South,16,5,16,5
South,4,24,15,24
South,1,7,1,7
South,31,31,31,31
South,10,8,19,9
South,29,10,29,10
South,5,3,5,3
South,29,3,29,3
South,7,21,18,21
South,22,27,22,27
South,2,28,23,26
South,24,31,24,31
South,26,22,26,22
South,19,1,19,1
South,28,21,28,21
South,9,7,9,7
South,19,23,19,23
South,17,28,17,28
South,11,28,21,26
South,21,24,21,24
South,14,20,23,21
South,17,16,17,16
South,30,13,30,13
South,26,21,26,21
South,19,11,19,11
South,22,17,22,17
South,29,17,29,17
South,6,18,15,19
South,13,22,22,23
South,6,27,17,27
South,15,0,15,0
South,17,13,17,13
South,6,4,6,4
South,4,30,15,30
South,17,21,17,21
South,23,6,24,13
South,3,7,3,7
South,0,31,21,29
South,20,25,20,25
South,9,17,18,18
South,0,4,0,4
South,20,21,20,21
South,11,21,20,22
South,19,10,19,10
South,29,28,29,28
South,26,12,18,18
South,15,15,24,16
South,28,8,20,14
South,30,0,30,0
South,3,27,14,27
South,23,8,24,15
South,7,15,16,16
South,21,20,21,20
South,18,19,18,19
South,8,0,8,0
South,19,8,19,8
South,24,23,24,23
South,24,4,25,11
South,4,13,13,14
South,10,13,19,14
South,17,30,17,30
South,17,20,17,20
South,22,23,22,23
South,24,1,16,7
South,12,5,12,5
South,11,12,20,13
South,21,30,21,30
South,26,13,26,13
South,6,8,15,9
South,25,9,17,15
South,17,17,17,17
South,19,6,19,6
South,14,11,23,12
South,27,1,19,7
South,31,25,31,25
South,12,27,22,25
South,21,14,21,14
South,6,30,17,30
South,19,21,19,21
South,2,15,11,16
South,19,25,19,25
South,9,18,18,19
South,31,3,31,3
South,14,10,23,11
South,13,21,22,22
South,12,4,12,4
South,22,28,22,28
South,4,22,24,23
South,13,12,22,13
South,5,24,16,24
South,30,23,30,23
South,14,24,14,24
South,4,0,4,0
South,4,31,15,31
South,0,22,20,23
South,2,23,23,21
South,3,3,3,3
South,12,13,21,14
South,26,8,18,14
South,13,31,23,29
South,18,28,18,28
South,16,15,25,16
South,2,7,2,7
South,22,16,22,16
South,19,12,19,12
South,9,31,20,31
South,11,27,21,25
South,12,19,21,20
South,13,17,22,18
South,24,24,24,24
South,7,26,18,26
South,19,31,19,31
South,9,25,20,25
South,29,2,29,2
South,29,5,29,5
South,13,4,13,4
South,16,19,25,20
South,30,11,30,11
South,5,0,5,0
South,9,14,18,15
South,9,1,9,1
South,0,12,9,13
South,16,7,16,7
South,11,8,20,9
South,15,17,24,18
South,8,27,19,27
South,25,3,17,9
South,9,5,9,5
South,26,15,26,15
South,20,28,20,28
South,8,4,8,4
South,28,16,28,16
South,20,27,20,27
South,30,8,30,8
South,15,4,15,4
South,23,17,23,17
South,18,2,18,2
South,14,17,23,18
South,30,30,30,30
South,7,7,7,7
South,26,28,26,28
South,26,1,18,7
South,11,15,20,16
South,17,7,17,7
South,6,19,15,20
South,20,23,20,23
South,11,24,21,22
South,12,9,21,10
South,30,3,30,3
South,22,0,22,0
South,9,16,18,17
South,15,21,24,22
South,28,24,28,24
South,19,15,19,15
South,27,6,19,12
South,20,30,20,30
South,16,29,16,29
South,4,4,4,4
South,18,15,18,15
South,20,9,21,16
South,9,8,18,9
South,10,10,19,11
South,31,0,31,0
South,31,21,31,21
South,22,19,22,19
South,16,1,16,1
South,0,2,0,2
South,19,13,19,13
South,18,16,18,16
South,22,30,22,30
South,31,28,31,28
South,17,3,17,3
South,31,5,31,5
South,31,17,31,17
South,3,25,14,25
South,24,29,24,29
South,25,20,25,20
South,1,19,20,18
South,11,11,20,12
South,13,2,13,2
South,27,30,27,30
South,28,7,20,13
South,0,26,21,24
South,10,21,19,22
South,23,24,23,24
South,22,11,23,18
South,31,29,31,29
South,4,28,15,28
South,26,27,26,27
South,18,25,18,25
South,18,3,18,3
South,21,7,22,14
South,28,20,28,20
South,22,1,14,7
South,17,5,17,5
South,11,19,20,20
South,9,13,18,14
South,29,7,29,7
South,27,8,19,14
South,17,2,17,2
South,26,7,18,13
South,6,3,6,3
South,11,29,21,27
South,1,14,10,15
South,22,13,22,13
South,26,2,18,8
South,23,25,23,25
South,27,22,27,22
South,0,5,0,5
South,10,7,10,7
South,23,22,23,22
South,1,5,1,5
South,10,17,19,18
South,8,3,8,3
South,4,3,4,3
South,8,9,17,10
South,1,22,21,23
South,9,19,18,20
South,22,3,23,10
South,8,22,19,22
South,16,10,25,11
South,20,17,20,17
South,4,6,4,6
South,0,0,0,0
South,3,11,12,12
South,29,27,29,27
South,11,2,11,2
South,11,22,20,23
South,22,14,22,14
South,29,24,29,24
South,10,24,20,22
South,2,6,2,6
South,22,4,23,11
South,18,5,18,5
South,20,29,20,29
South,28,6,20,12
South,4,23,15,23
South,20,16,20,16
South,9,20,18,21
South,20,3,21,10
South,31,8,31,8
South,21,12,22,19
South,3,1,3,1
South,3,22,23,23
South,1,3,1,3
South,16,22,25,23
South,12,2,12,2
South,13,7,13,7
South,23,26,23,26
South,21,23,21,23
South,27,20,27,20
South,26,14,26,14
South,14,5,14,5
South,25,29,25,29
South,3,21,23,22
South,5,7,5,7
South,2,31,23,29
South,21,22,21,22
South,7,18,16,19
South,6,15,15,16
South,15,7,15,7
South,8,29,19,29
South,16,18,25,19
South,1,16,10,17
South,30,2,30,2
South,13,0,13,0
South,25,16,25,16
South,28,4,20,10
South,19,29,19,29
South,25,23,25,23
South,11,26,21,24
South,31,6,31,6
South,0,23,21,21
South,25,10,17,16
South,24,19,24,19
South,8,25,19,25
South,20,11,21,18
South,29,20,29,20
South,1,17,10,18
South,18,30,18,30
South,13,18,22,19
South,2,1,2,1
South,3,30,14,30
South,9,23,20,23
South,4,14,13,15
South,5,12,14,13
South,26,9,18,15
South,7,8,16,9
South,15,3,15,3
South,24,9,25,16
South,7,14,16,15
South,4,20,23,19
South,11,18,20,19
South,19,18,19,18
South,17,8,17,8
South,12,28,22,26
South,22,12,23,19
South,7,24,18,24
South,17,25,17,25
South,6,10,15,11
South,27,10,19,16
South,26,4,18,10
South,12,24,22,22
South,25,12,17,18
South,15,6,15,6
South,13,10,22,11
South,10,2,10,2
South,29,23,29,23
South,20,15,20,15
South,15,2,15,2
South,7,17,16,18
South,8,23,19,23
South,1,29,22,27
South,13,29,23,27
South,15,12,24,13
South,5,23,16,23
South,15,24,15,24
South,21,5,22,12
South,11,1,11,1
South,10,20,19,21
South,5,4,5,4
South,25,28,25,28
South,13,23,23,21
South,15,25,15,25
South,7,25,18,25
South,1,4,1,4
South,14,9,23,10
South,27,13,27,13
South,23,20,23,20
South,12,17,21,18
South,20,1,12,7
South,8,30,19,30
South,12,6,12,6
South,18,10,18,10
South,0,6,0,6
South,16,20,25,21
South,0,11,9,12
South,14,31,14,31
South,23,11,24,18
South,2,3,2,3
South,1,9,10,10
South,8,19,17,20
South,31,18,31,18
South,8,7,8,7
South,30,16,30,16
South,23,4,24,11
South,12,31,22,29
South,19,0,19,0
South,13,25,23,23
South,6,21,17,21
South,26,26,26,26
South,20,24,20,24
South,2,10,11,11
South,21,15,21,15
South,9,12,18,13
South,1,27,22,25
South,31,19,31,19
South,8,5,8,5
South,21,9,22,16
South,12,26,22,24
South,13,19,22,20
South,12,16,21,17
South,17,29,17,29
South,1,1,1,1
South,29,13,29,13
South,16,13,25,14
South,24,12,25,19
South,25,14,25,14
South,16,14,25,15
South,18,17,18,17
South,23,7,24,14
South,18,29,18,29
South,30,7,30,7
South,31,7,31,7
South,10,30,20,28
South,25,25,25,25
South,14,22,23,23
South,10,19,19,20
South,16,17,25,18
South,21,8,22,15
South,7,16,16,17
South,24,8,25,15
South,27,15,27,15
South,23,0,23,0
South,31,9,31,9
South,16,8,25,9
South,8,24,19,24
South,3,24,14,24
South,28,27,28,27
South,31,2,31,2
South,16,26,16,26
South,0,25,21,23
South,11,16,20,17
South,6,22,17,22
South,1,26,22,24
South,21,13,21,13
South,15,5,15,5
South,25,11,17,17
South,1,30,22,28
South,7,28,18,28
South,5,26,16,26
South,14,30,14,30
South,0,10,9,11
South,23,31,23,31
South,26,3,18,9
South,16,4,16,4
South,20,5,21,12
South,22,21,22,21
South,0,3,0,3
South,3,17,12,18
South,10,11,19,12
South,20,31,20,31
South,9,24,20,24
South,29,25,29,25
South,18,9,18,9
South,0,8,9,9
South,7,10,16,11
South,19,26,19,26
South,28,12,20,18
South,0,1,0,1
South,21,27,21,27
South,5,13,14,14
South,31,1,31,1
South,20,20,20,20
South,3,10,12,11
South,31,30,31,30
South,31,26,31,26
South,11,23,21,21
South,26,6,18,12
South,4,21,24,22
South,31,22,31,22
South,21,0,21,0
South,6,6,6,6
South,14,3,14,3
South,24,26,24,26
South,21,6,22,13
South,11,25,21,23
South,2,24,23,22
South,13,8,22,9
South,5,5,5,5
South,1,0,1,0
South,12,10,21,11
South,26,24,26,24
South,16,23,16,23
South,13,5,13,5
South,22,2,23,9
South,19,4,19,4
South,1,2,1,2
South,19,28,19,28
South,0,16,9,17
South,10,5,10,5
South,9,3,9,3
South,18,20,18,20
South,13,11,22,12
South,4,17,13,18
South,9,2,9,2
South,3,18,22,17
South,28,13,28,13
South,7,1,7,1
South,7,4,7,4
South,30,20,30,20
South,6,16,15,17
South,4,16,13,17
South,21,11,22,18
South,8,31,19,31
South,9,4,9,4
South,17,19,17,19
South,11,20,20,21
South,5,10,14,11
South,30,12,30,12
South,29,30,29,30
South,7,22,18,22
South,12,14,21,15
South,27,3,19,9
South,17,11,17,11
South,22,20,22,20
South,0,14,9,15
South,6,23,17,23
South,23,9,24,16
South,2,4,2,4
South,11,9,20,10
South,5,15,14,16
South,4,26,15,26
South,28,11,20,17
South,10,31,20,29
South,27,18,27,18
South,29,18,29,18
South,5,11,14,12
South,9,0,9,0
South,12,3,12,3
South,7,6,7,6
South,5,17,14,18
South,10,12,19,13
South,23,14,23,14
South,14,4,14,4
South,24,16,24,16
South,1,11,10,12
South,21,2,22,9
South,21,19,21,19
South,2,21,22,22
South,19,17,19,17
South,12,23,22,21
South,29,0,29,0
South,29,31,29,31
South,20,26,20,26
South,1,24,22,22
South,14,2,14,2
South,27,26,27,26
South,14,16,23,17
South,23,12,24,19
South,14,6,14,6
South,26,19,26,19
South,6,26,17,26
South,13,20,22,21
South,14,12,23,13
South,9,26,20,26
South,13,26,23,24
South,22,5,23,12
South,0,9,9,10
South,25,1,17,7
South,2,11,11,12
South,27,11,19,17
South,18,12,18,12
South,3,16,12,17
South,30,10,30,10
South,20,10,21,17
South,23,1,15,7
South,24,7,25,14
South,20,8,21,15
South,17,4,17,4
South,2,0,2,0
South,18,23,18,23
South,5,22,25,23
South,13,28,23,26
South,8,18,17,19
South,21,25,21,25
South,14,18,23,19
South,26,0,26,0
South,23,18,23,18
South,2,19,21,18
South,29,4,29,4
South,16,25,16,25
South,21,26,21,26
South,23,2,24,9
South,28,26,28,26
South,23,23,23,23
South,27,28,27,28
South,2,8,11,9
South,0,24,21,22
South,8,11,17,12
South,27,25,27,25
South,10,15,19,16
South,3,20,22,19
South,0,20,19,19
South,24,25,24,25
South,6,29,17,29
South,26,11,18,17
South,28,31,28,31
South,31,15,31,15
South,27,14,27,14
South,9,29,20,29
South,15,23,15,23
South,29,19,29,19
South,1,12,10,13
South,7,3,7,3
South,21,28,21,28
South,26,10,18,16
South,25,21,25,21
South,14,28,14,28
South,1,25,22,23
South,1,23,22,21
South,6,2,6,2
South,14,21,23,22
South,3,5,3,5
South,15,31,15,31
South,28,23,28,23
South,16,9,25,10
South,10,23,20,21
South,26,17,26,17
South,1,8,10,9
South,20,6,21,13
South,3,4,3,4
South,27,7,19,13
South,13,30,23,28
South,13,3,13,3
South,31,13,31,13
South,19,30,19,30
South,16,21,25,22
South,19,5,19,5
South,14,26,14,26
South,31,4,31,4
South,21,10,22,17
South,18,4,18,4
South,11,4,11,4
South,31,11,31,11
South,11,0,11,0
South,14,14,23,15
South,12,7,12,7
South,28,28,28,28
South,28,9,20,15
South,26,25,26,25
South,25,31,25,31
South,28,10,20,16
South,2,17,11,18
South,7,0,7,0
South,29,1,29,1
South,27,23,27,23
South,19,27,19,27
South,15,13,24,14
South,24,14,24,14
South,23,3,24,10
South,9,15,18,16
South,14,19,23,20
South,28,17,28,17
South,21,4,22,11
South,30,1,30,1
South,29,26,29,26
South,11,30,21,28
South,28,1,20,7
North,23,21,21,22
North,26,5,26,5
North,27,16,18,17
North,24,6,24,6
North,15,14,6,15
North,3,12,20,19
North,15,30,15,30
North,12,15,12,15
North,16,2,16,2
North,14,23,14,23
North,15,22,6,23
North,4,2,21,9
North,2,27,2,27
North,20,7,20,7
North,16,27,16,27
North,19,14,10,15
North,6,24,6,24
North,5,19,5,19
North,30,28,19,28
North,7,9,24,16
North,22,25,11,25
North,7,12,24,19
North,11,31,11,31
North,5,25,5,25
North,3,13,3,13
North,3,9,20,16
North,5,2,22,9
North,20,13,11,14
North,26,18,17,19
North,25,8,16,9
North,3,6,20,13
North,6,25,6,25
North,22,7,22,7
North,8,12,25,19
North,30,27,19,27
North,11,7,11,7
North,30,29,19,29
North,28,5,28,5
North,28,0,28,0
North,18,24,18,24
North,29,16,20,17
North,3,28,3,28
North,5,30,5,30
North,0,17,0,17
North,23,30,12,30
North,14,25,14,25
North,6,1,14,7
North,12,21,12,21
North,22,18,13,19
North,31,27,31,27
North,18,7,18,7
North,28,14,19,15
North,24,22,22,23
North,0,28,0,28
North,12,25,12,25
North,17,26,17,26
North,30,24,19,24
North,0,18,0,18
North,19,3,19,3
North,6,5,23,12
North,13,15,13,15
North,14,13,5,14
North,1,20,1,20
North,4,25,4,25
North,17,6,17,6
North,0,7,0,7
North,10,0,10,0
North,16,6,16,6
North,18,27,18,27
North,6,7,23,14
North,6,12,23,19
North,27,29,16,29
North,18,1,18,1
North,5,14,5,14
North,27,5,27,5
North,7,20,7,20
North,4,5,21,12
North,16,16,7,17
North,22,26,11,26
North,27,4,27,4
North,26,30,15,30
North,22,31,11,31
North,16,3,16,3
North,12,20,12,20
North,29,9,20,10
North,14,1,14,1
North,4,7,21,14
North,9,11,17,17
North,6,11,23,18
North,22,8,13,9
North,11,17,11,17
North,10,18,10,18
North,5,28,5,28
North,5,1,13,7
North,22,15,13,16
North,24,21,22,22
North,8,21,8,21
North,17,15,8,16
North,1,13,1,13
North,20,0,20,0
North,10,16,10,16
North,18,26,18,26
North,24,11,15,12
North,6,20,6,20
North,24,18,15,19
North,23,29,12,29
North,11,14,11,14
North,11,13,11,13
North,24,3,24,3
North,23,19,14,20
North,28,22,17,22
North,4,15,4,15
North,25,15,16,16
North,30,9,21,10
North,4,11,21,18
North,31,20,31,20
North,15,9,6,10
North,15,8,6,9
North,25,22,23,23
North,27,12,18,13
North,9,27,9,27
North,20,14,11,15
North,15,26,15,26
North,17,10,8,11
North,14,29,14,29
North,22,9,13,10
North,25,6,25,6
North,12,22,12,22
North,19,16,10,17
North,26,29,15,29
North,10,25,10,25
North,6,14,6,14
North,21,3,21,3
North,8,1,16,7
North,27,0,27,0
North,8,14,8,14
North,30,25,19,25
North,15,18,6,19
North,7,11,24,18
North,5,18,5,18
North,31,24,31,24
North,27,27,16,27
North,7,19,7,19
North,15,16,6,17
North,20,22,11,23
North,2,22,2,22
North,31,10,31,10
North,12,0,12,0
North,1,15,1,15
North,20,12,11,13
North,7,31,7,31
North,22,29,11,29
North,4,27,4,27
North,27,9,18,10
North,2,26,2,26
North,4,9,21,16
North,24,27,13,27
North,20,4,20,4
North,17,27,17,27
North,30,17,21,18
North,7,2,24,9
North,0,21,0,21
North,17,14,8,15
North,7,13,7,13
North,4,8,21,15
North,9,30,9,30
North,24,15,15,16
North,1,6,1,6
North,10,26,10,26
North,2,14,2,14
North,10,28,10,28
North,10,22,10,22
North,22,6,22,6
North,17,18,8,19
North,25,26,14,26
North,3,8,20,15
North,31,12,31,12
North,14,27,14,27
North,28,15,19,16
North,18,13,9,14
North,16,28,16,28
North,5,20,5,20
North,13,14,13,14
North,19,20,10,21
North,29,8,20,9
North,9,22,9,22
North,4,1,12,7
North,0,29,0,29
North,29,15,20,16
North,20,19,11,20
North,18,21,9,22
North,30,18,21,19
North,28,2,28,2
North,30,26,19,26
North,23,28,12,28
North,21,16,12,17
North,14,0,14,0
North,3,19,3,19
North,2,2,19,9
North,17,23,17,23
North,20,18,11,19
North,28,29,17,29
North,10,3,18,9
North,30,6,30,6
North,3,29,3,29
North,15,10,6,11
North,23,5,23,5
North,24,0,24,0
North,18,11,9,12
North,17,9,8,10
North,2,9,19,16
North,27,31,16,31
North,0,30,0,30
North,29,22,18,22
North,16,11,7,12
North,4,10,21,17
North,4,29,4,29
North,1,18,1,18
North,1,28,1,28
North,28,25,17,25
North,16,24,16,24
North,25,17,16,18
North,8,26,8,26
North,6,9,23,16
North,9,6,17,12
North,25,4,25,4
North,31,14,31,14
North,15,1,15,1
North,8,2,25,9
North,2,20,2,20
North,8,10,25,17
North,13,27,13,27
North,5,16,5,16
North,2,30,2,30
North,13,24,13,24
North,27,21,25,22
North,15,19,6,20
North,25,13,16,14
North,24,30,13,30
North,13,13,13,13
North,29,12,20,13
North,24,28,13,28
North,18,22,9,23
North,21,1,21,1
North,5,6,22,13
North,3,2,20,9
North,9,10,17,16
North,12,1,12,1
North,24,13,15,14
North,24,20,15,21
North,23,16,14,17
North,30,31,19,31
North,23,15,14,16
North,4,18,4,18
North,6,13,6,13
North,17,31,17,31
North,31,16,31,16
North,27,24,16,24
North,18,8,9,9
North,12,29,12,29
North,21,21,19,22
North,26,20,17,21
North,16,12,7,13
North,18,6,18,6
North,13,1,13,1
North,8,16,8,16
North,16,30,16,30
North,13,9,13,9
North,28,30,17,30
North,25,5,25,5
North,10,9,18,15
North,21,29,10,29
North,1,31,1,31
North,2,12,19,19
North,9,9,17,15
North,12,30,12,30
North,9,28,9,28
North,24,5,24,5
North,18,0,18,0
North,4,19,4,19
North,5,27,5,27
North,10,27,10,27
North,24,10,15,11
North,25,7,25,7
North,26,16,17,17
North,15,20,6,21
North,10,4,18,10
North,11,3,11,3
North,0,13,0,13
North,21,31,10,31
North,30,15,21,16
North,8,6,25,13
North,2,16,2,16
North,12,18,12,18
North,12,12,12,12
North,8,20,8,20
North,2,25,2,25
North,3,0,3,0
North,12,8,12,8
North,17,24,17,24
North,23,13,14,14
North,13,6,13,6
North,18,31,18,31
North,25,0,25,0
North,23,27,12,27
North,2,18,2,18
North,8,28,8,28
North,14,7,14,7
North,28,3,28,3
North,10,14,10,14
North,15,28,15,28
North,23,10,14,11
North,25,18,16,19
North,0,15,0,15
North,25,27,14,27
North,17,12,8,13
North,17,22,8,23
North,29,14,20,15
North,11,5,11,5
North,2,13,2,13
North,30,14,21,15
North,6,0,6,0
North,16,31,16,31
North,5,21,5,21
North,19,19,10,20
North,27,2,27,2
North,5,8,22,15
North,3,14,3,14
North,22,22,20,23
North,29,21,18,21
North,8,13,8,13
North,4,12,21,19
North,14,15,5,16
North,10,1,18,7
North,15,11,6,12
North,14,8,5,9
North,25,2,25,2
North,22,10,13,11
North,12,11,12,11
North,25,19,16,20
North,5,29,5,29
North,18,14,9,15
North,29,11,20,12
North,8,15,8,15
North,17,0,17,0
North,11,10,11,10
North,6,17,6,17
North,11,6,11,6
North,30,19,21,20
North,26,23,15,23
North,3,31,3,31
North,19,9,10,10
North,19,7,19,7
North,7,27,7,27
North,0,27,0,27
North,19,2,19,2
North,2,29,2,29
North,15,27,15,27
North,17,1,17,1
North,6,31,6,31
North,29,6,29,6
North,19,22,10,23
North,27,19,18,20
North,3,26,3,26
North,19,24,19,24
North,2,5,19,12
North,8,17,8,17
North,21,17,12,18
North,25,30,14,30
North,10,6,18,12
North,15,29,15,29
North,27,17,18,18
North,7,23,7,23
North,9,21,9,21
North,3,15,3,15
North,0,19,0,19
North,7,30,7,30
North,29,29,18,29
North,6,28,6,28
North,25,24,14,24
North,7,29,7,29
North,21,18,12,19
North,30,21,19,21
North,31,23,31,23
North,30,22,19,22
North,28,19,19,20
North,30,4,30,4
North,3,23,3,23
North,18,18,9,19
North,5,9,22,16
North,7,5,24,12
North,28,18,19,19
North,20,2,20,2
North,5,31,5,31
North,30,5,30,5
North,13,16,13,16
North,24,2,24,2
North,24,17,15,18
North,26,31,15,31
North,22,24,11,24
North,10,29,10,29
North,16,0,16,0
North,1,21,1,21
North,1,10,1,10
North,8,8,25,15
North,16,5,16,5
North,4,24,4,24
North,1,7,1,7
North,31,31,31,31
North,10,8,18,14
North,29,10,20,11
North,5,3,22,10
North,29,3,29,3
North,7,21,7,21
North,22,27,11,27
North,2,28,2,28
North,24,31,13,31
North,26,22,24,23
North,19,1,19,1
North,28,21,17,21
North,9,7,17,13
North,19,23,19,23
North,17,28,17,28
North,11,28,11,28
North,21,24,10,24
North,14,20,5,21
North,17,16,8,17
North,30,13,21,14
North,26,21,24,22
North,19,11,10,12
North,22,17,13,18
North,29,17,20,18
North,6,18,6,18
North,13,22,13,22
North,6,27,6,27
North,15,0,15,0
North,17,13,8,14
North,6,4,23,11
North,4,30,4,30
North,17,21,8,22
North,23,6,23,6
North,3,7,20,14
North,0,31,0,31
North,20,25,20,25
North,9,17,9,17
North,0,4,0,4
North,20,21,11,22
North,11,21,11,21
North,19,10,10,11
North,29,28,18,28
North,26,12,17,13
North,15,15,6,16
North,28,8,19,9
North,30,0,30,0
North,3,27,3,27
North,23,8,14,9
North,7,15,7,15
North,21,20,12,21
North,18,19,9,20
North,8,0,8,0
North,19,8,10,9
North,24,23,13,23
North,24,4,24,4
North,4,13,4,13
North,10,13,10,13
North,17,30,17,30
North,17,20,8,21
North,22,23,11,23
North,24,1,24,1
North,12,5,12,5
North,11,12,11,12
North,21,30,10,30
North,26,13,17,14
North,6,8,23,15
North,25,9,16,10
North,17,17,8,18
North,19,6,19,6
North,14,11,5,12
North,27,1,27,1
North,31,25,31,25
North,12,27,12,27
North,21,14,12,15
North,6,30,6,30
North,19,21,10,22
North,2,15,2,15
North,19,25,19,25
North,9,18,9,18
North,31,3,31,3
North,14,10,5,11
North,13,21,13,21
North,12,4,12,4
North,22,28,11,28
North,4,22,4,22
North,13,12,13,12
North,5,24,5,24
North,30,23,19,23
North,14,24,14,24
North,4,0,4,0
North,4,31,4,31
North,0,22,0,22
North,2,23,2,23
North,3,3,20,10
North,12,13,12,13
North,26,8,17,9
North,13,31,13,31
North,18,28,18,28
North,16,15,7,16
North,2,7,19,14
North,22,16,13,17
North,19,12,10,13
North,9,31,9,31
North,11,27,11,27
North,12,19,12,19
North,13,17,13,17
North,24,24,13,24
North,7,26,7,26
North,19,31,19,31
North,9,25,9,25
North,29,2,29,2
North,29,5,29,5
North,13,4,13,4
North,16,19,7,20
North,30,11,21,12
North,5,0,5,0
North,9,14,9,14
North,9,1,17,7
North,0,12,0,12
North,16,7,16,7
North,11,8,11,8
North,15,17,6,18
North,8,27,8,27
North,25,3,25,3
North,9,5,17,11
North,26,15,17,16
North,20,28,20,28
North,8,4,25,11
North,28,16,19,17
North,20,27,20,27
North,30,8,21,9
North,15,4,15,4
North,23,17,14,18
North,18,2,18,2
North,14,17,5,18
North,30,30,19,30
North,7,7,24,14
North,26,28,15,28
North,26,1,26,1
North,11,15,11,15
North,17,7,17,7
North,6,19,6,19
North,20,23,20,23
North,11,24,11,24
North,12,9,12,9
North,30,3,30,3
North,22,0,22,0
North,9,16,9,16
North,15,21,6,22
North,28,24,17,24
North,19,15,10,16
North,27,6,27,6
North,20,30,20,30
North,16,29,16,29
North,4,4,21,11
North,18,15,9,16
North,20,9,11,10
North,9,8,17,14
North,10,10,18,16
North,31,0,31,0
North,31,21,31,21
North,22,19,13,20
North,16,1,16,1
North,0,2,0,2
North,19,13,10,14
North,18,16,9,17
North,22,30,11,30
North,31,28,31,28
North,17,3,17,3
North,31,5,31,5
North,31,17,31,17
North,3,25,3,25
North,24,29,13,29
North,25,20,16,21
North,1,19,1,19
North,11,11,11,11
North,13,2,13,2
North,27,30,16,30
North,28,7,28,7
North,0,26,0,26
North,10,21,10,21
North,23,24,12,24
North,22,11,13,12
North,31,29,31,29
North,4,28,4,28
North,26,27,15,27
North,18,25,18,25
North,18,3,18,3
North,21,7,21,7
North,28,20,19,21
North,22,1,22,1
North,17,5,17,5
North,11,19,11,19
North,9,13,9,13
North,29,7,29,7
North,27,8,18,9
North,17,2,17,2
North,26,7,26,7
North,6,3,23,10
North,11,29,11,29
North,1,14,1,14
North,22,13,13,14
North,26,2,26,2
North,23,25,12,25
North,27,22,25,23
North,0,5,0,5
North,10,7,18,13
North,23,22,21,23
North,1,5,1,5
North,10,17,10,17
North,8,3,25,10
North,4,3,21,10
North,8,9,25,16
North,1,22,1,22
North,9,19,9,19
North,22,3,22,3
North,8,22,8,22
North,16,10,7,11
North,20,17,11,18
North,4,6,21,13
North,0,0,0,0
North,3,11,20,18
North,29,27,18,27
North,11,2,11,2
North,11,22,11,22
North,22,14,13,15
North,29,24,18,24
North,10,24,10,24
North,2,6,19,13
North,22,4,22,4
North,18,5,18,5
North,20,29,20,29
North,28,6,28,6
North,4,23,4,23
North,20,16,11,17
North,9,20,9,20
North,20,3,20,3
North,31,8,31,8
North,21,12,12,13
North,3,1,11,7
North,3,22,3,22
North,1,3,1,3
North,16,22,7,23
North,12,2,12,2
North,13,7,13,7
North,23,26,12,26
North,21,23,10,23
North,27,20,18,21
North,26,14,17,15
North,14,5,14,5
North,25,29,14,29
North,3,21,3,21
North,5,7,22,14
North,2,31,2,31
North,21,22,19,23
North,7,18,7,18
North,6,15,6,15
North,15,7,15,7
North,8,29,8,29
North,16,18,7,19
North,1,16,1,16
North,30,2,30,2
North,13,0,13,0
North,25,16,16,17
North,28,4,28,4
North,19,29,19,29
North,25,23,14,23
North,11,26,11,26
North,31,6,31,6
North,0,23,0,23
North,25,10,16,11
North,24,19,15,20
North,8,25,8,25
North,20,11,11,12
North,29,20,20,21
North,1,17,1,17
North,18,30,18,30
North,13,18,13,18
North,2,1,10,7
North,3,30,3,30
North,9,23,9,23
North,4,14,4,14
North,5,12,22,19
North,26,9,17,10
North,7,8,24,15
North,15,3,15,3
North,24,9,15,10
North,7,14,7,14
North,4,20,4,20
North,11,18,11,18
North,19,18,10,19
North,17,8,8,9
North,12,28,12,28
North,22,12,13,13
North,7,24,7,24
North,17,25,17,25
North,6,10,23,17
North,27,10,18,11
North,26,4,26,4
North,12,24,12,24
North,25,12,16,13
North,15,6,15,6
North,13,10,13,10
North,10,2,18,8
North,29,23,18,23
North,20,15,11,16
North,15,2,15,2
North,7,17,7,17
North,8,23,8,23
North,1,29,1,29
North,13,29,13,29
North,15,12,6,13
North,5,23,5,23
North,15,24,15,24
North,21,5,21,5
North,11,1,11,1
North,10,20,10,20
North,5,4,22,11
North,25,28,14,28
North,13,23,13,23
North,15,25,15,25
North,7,25,7,25
North,1,4,1,4
North,14,9,5,10
North,27,13,18,14
North,23,20,14,21
North,12,17,12,17
North,20,1,20,1
North,8,30,8,30
North,12,6,12,6
North,18,10,9,11
North,0,6,0,6
North,16,20,7,21
North,0,11,0,11
North,14,31,14,31
North,23,11,14,12
North,2,3,19,10
North,1,9,1,9
North,8,19,8,19
North,31,18,31,18
North,8,7,25,14
North,30,16,21,17
North,23,4,23,4
North,12,31,12,31
North,19,0,19,0
North,13,25,13,25
North,6,21,6,21
North,26,26,15,26
North,20,24,20,24
North,2,10,19,17
North,21,15,12,16
North,9,12,17,18
North,1,27,1,27
North,31,19,31,19
North,8,5,25,12
North,21,9,12,10
North,12,26,12,26
North,13,19,13,19
North,12,16,12,16
North,17,29,17,29
North,1,1,1,1
North,29,13,20,14
North,16,13,7,14
North,24,12,15,13
North,25,14,16,15
North,16,14,7,15
North,18,17,9,18
North,23,7,23,7
North,18,29,18,29
North,30,7,30,7
North,31,7,31,7
North,10,30,10,30
North,25,25,14,25
North,14,22,5,23
North,10,19,10,19
North,16,17,7,18
North,21,8,12,9
North,7,16,7,16
North,24,8,15,9
North,27,15,18,16
North,23,0,23,0
North,31,9,31,9
North,16,8,7,9
North,8,24,8,24
North,3,24,3,24
North,28,27,17,27
North,31,2,31,2
North,16,26,16,26
North,0,25,0,25
North,11,16,11,16
North,6,22,6,22
North,1,26,1,26
North,21,13,12,14
North,15,5,15,5
North,25,11,16,12
North,1,30,1,30
North,7,28,7,28
North,5,26,5,26
North,14,30,14,30
North,0,10,0,10
North,23,31,12,31
North,26,3,26,3
North,16,4,16,4
North,20,5,20,5
North,22,21,20,22
North,0,3,0,3
North,3,17,3,17
North,10,11,18,17
North,20,31,20,31
North,9,24,9,24
North,29,25,18,25
North,18,9,9,10
North,0,8,0,8
North,7,10,24,17
North,19,26,19,26
North,28,12,19,13
North,0,1,0,1
North,21,27,10,27
North,5,13,5,13
North,31,1,31,1
North,20,20,11,21
North,3,10,20,17
North,31,30,31,30
North,31,26,31,26
North,11,23,11,23
North,26,6,26,6
North,4,21,4,21
North,31,22,31,22
North,21,0,21,0
North,6,6,23,13
North,14,3,14,3
North,24,26,13,26
North,21,6,21,6
North,11,25,11,25
North,2,24,2,24
North,13,8,13,8
North,5,5,22,12
North,1,0,1,0
North,12,10,12,10
North,26,24,15,24
North,16,23,16,23
North,13,5,13,5
North,22,2,22,2
North,19,4,19,4
North,1,2,1,2
North,19,28,19,28
North,0,16,0,16
North,10,5,18,11
North,9,3,17,9
North,18,20,9,21
North,13,11,13,11
North,4,17,4,17
North,9,2,17,8
North,3,18,3,18
North,28,13,19,14
North,7,1,15,7
North,7,4,24,11
North,30,20,21,21
North,6,16,6,16
North,4,16,4,16
North,21,11,12,12
North,8,31,8,31
North,9,4,17,10
North,17,19,8,20
North,11,20,11,20
North,5,10,22,17
North,30,12,21,13
North,29,30,18,30
North,7,22,7,22
North,12,14,12,14
North,27,3,27,3
North,17,11,8,12
North,22,20,13,21
North,0,14,0,14
North,6,23,6,23
North,23,9,14,10
North,2,4,19,11
North,11,9,11,9
North,5,15,5,15
North,4,26,4,26
North,28,11,19,12
North,10,31,10,31
North,27,18,18,19
North,29,18,20,19
North,5,11,22,18
North,9,0,9,0
North,12,3,12,3
North,7,6,24,13
North,5,17,5,17
North,10,12,18,18
North,23,14,14,15
North,14,4,14,4
North,24,16,15,17
North,1,11,1,11
North,21,2,21,2
North,21,19,12,20
North,2,21,2,21
North,19,17,10,18
North,12,23,12,23
North,29,0,29,0
North,29,31,18,31
North,20,26,20,26
North,1,24,1,24
North,14,2,14,2
North,27,26,16,26
North,14,16,5,17
North,23,12,14,13
North,14,6,14,6
North,26,19,17,20
North,6,26,6,26
North,13,20,13,20
North,14,12,5,13
North,9,26,9,26
North,13,26,13,26
North,22,5,22,5
North,0,9,0,9
North,25,1,25,1
North,2,11,19,18
North,27,11,18,12
North,18,12,9,13
North,3,16,3,16
North,30,10,21,11
North,20,10,11,11
North,23,1,23,1
North,24,7,24,7
North,20,8,11,9
North,17,4,17,4
North,2,0,2,0
North,18,23,18,23
North,5,22,5,22
North,13,28,13,28
North,8,18,8,18
North,21,25,10,25
North,14,18,5,19
North,26,0,26,0
North,23,18,14,19
North,2,19,2,19
North,29,4,29,4
North,16,25,16,25
North,21,26,10,26
North,23,2,23,2
North,28,26,17,26
North,23,23,12,23
North,27,28,16,28
North,2,8,19,15
North,0,24,0,24
North,8,11,25,18
North,27,25,16,25
North,10,15,10,15
North,3,20,3,20
North,0,20,0,20
North,24,25,13,25
North,6,29,6,29
North,26,11,17,12
North,28,31,17,31
North,31,15,31,15
North,27,14,18,15
North,9,29,9,29
North,15,23,15,23
North,29,19,20,20
North,1,12,1,12
North,7,3,24,10
North,21,28,10,28
North,26,10,17,11
North,25,21,23,22
North,14,28,14,28
North,1,25,1,25
North,1,23,1,23
North,6,2,23,9
North,14,21,5,22
North,3,5,20,12
North,15,31,15,31
North,28,23,17,23
North,16,9,7,10
North,10,23,10,23
North,26,17,17,18
North,1,8,1,8
North,20,6,20,6
North,3,4,20,11
North,27,7,27,7
North,13,30,13,30
North,13,3,13,3
North,31,13,31,13
North,19,30,19,30
North,16,21,7,22
North,19,5,19,5
North,14,26,14,26
North,31,4,31,4
North,21,10,12,11
North,18,4,18,4
North,11,4,11,4
North,31,11,31,11
North,11,0,11,0
North,14,14,5,15
North,12,7,12,7
North,28,28,17,28
North,28,9,19,10
North,26,25,15,25
North,25,31,14,31
North,28,10,19,11
North,2,17,2,17
North,7,0,7,0
North,29,1,29,1
North,27,23,16,23
North,19,27,19,27
North,15,13,6,14
North,24,14,15,15
North,23,3,23,3
North,9,15,9,15
North,14,19,5,20
North,28,17,19,18
North,21,4,21,4
North,30,1,30,1
North,29,26,18,26
North,11,30,11,30
North,28,1,28,1
East,23,21,13,24
East,26,5,25,9
East,27,16,17,19
East,24,6,23,10
East,15,14,14,18
East,3,12,12,13
East,15,30,15,30
East,12,15,11,19
East,16,2,6,5
East,14,23,14,23
East,15,22,12,15
East,4,2,4,2
East,2,27,13,27
East,20,7,19,11
East,16,27,16,27
East,19,14,18,18
East,6,24,17,24
East,5,19,14,20
East,30,28,18,20
East,7,9,16,10
East,22,25,10,17
East,7,12,16,13
East,11,31,11,31
East,5,25,16,25
East,3,13,12,14
East,3,9,12,10
East,5,2,5,2
East,20,13,19,17
East,26,18,13,14
East,25,8,24,12
East,3,6,3,6
East,6,25,17,25
East,22,7,21,11
East,8,12,17,13
East,30,27,18,19
East,11,7,11,7
East,30,29,18,21
East,28,5,18,8
East,28,0,28,0
East,18,24,18,24
East,29,16,19,19
East,3,28,14,28
East,5,30,16,30
East,0,17,9,18
East,23,30,23,30
East,14,25,14,25
East,6,1,6,1
East,12,21,2,24
East,22,18,9,14
East,31,27,19,19
East,18,7,17,11
East,28,14,18,17
East,24,22,12,14
East,0,28,11,28
East,12,25,12,25
East,17,26,17,26
East,30,24,18,16
East,0,18,9,19
East,19,3,9,6
East,6,5,6,5
East,13,15,12,19
East,14,13,13,17
East,1,20,10,21
East,4,25,15,25
East,17,6,16,10
East,0,7,0,7
East,10,0,10,0
East,16,6,15,10
East,18,27,18,27
East,6,7,6,7
East,6,12,15,13
East,27,29,15,21
East,18,1,18,1
East,5,14,14,15
East,27,5,17,8
East,7,20,16,21
East,4,5,4,5
East,16,16,15,20
East,22,26,10,18
East,27,4,17,7
East,26,30,26,30
East,22,31,22,31
East,16,3,6,6
East,12,20,2,23
East,29,9,19,12
East,14,1,14,1
East,4,7,4,7
East,9,11,18,12
East,6,11,15,12
East,22,8,21,12
East,11,17,20,18
East,10,18,19,19
East,5,28,16,28
East,5,1,5,1
East,22,15,9,11
East,24,21,14,24
East,8,21,9,24
East,17,15,16,19
East,1,13,10,14
East,20,0,20,0
East,10,16,19,17
East,18,26,18,26
East,24,11,23,15
East,6,20,15,21
East,24,18,11,14
East,23,29,11,21
East,11,14,20,15
East,11,13,20,14
East,24,3,14,6
East,23,19,10,15
East,28,22,16,14
East,4,15,13,16
East,25,15,12,11
East,30,9,30,9
East,4,11,13,12
East,31,20,19,12
East,15,9,14,13
East,15,8,14,12
East,25,22,13,14
East,27,12,17,15
East,9,27,20,27
East,20,14,19,18
East,15,26,15,26
East,17,10,16,14
East,14,29,14,29
East,22,9,21,13
East,25,6,24,10
East,12,22,9,15
East,19,16,18,20
East,26,29,14,21
East,10,25,10,25
East,6,14,15,15
East,21,3,11,6
East,8,1,8,1
East,27,0,27,0
East,8,14,17,15
East,30,25,18,17
East,15,18,14,22
East,7,11,16,12
East,5,18,14,19
East,31,24,19,16
East,27,27,15,19
East,7,19,16,20
East,15,16,14,20
East,20,22,20,22
East,2,22,10,15
East,31,10,31,10
East,12,0,12,0
East,1,15,10,16
East,20,12,19,16
East,7,31,18,31
East,22,29,10,21
East,4,27,15,27
East,27,9,17,12
East,2,26,13,26
East,4,9,13,10
East,24,27,12,19
East,20,4,10,7
East,17,27,17,27
East,30,17,30,17
East,7,2,7,2
East,0,21,20,22
East,17,14,16,18
East,7,13,16,14
East,4,8,13,9
East,9,30,20,30
East,24,15,11,11
East,1,6,1,6
East,10,26,10,26
East,2,14,11,15
East,10,28,10,28
East,10,22,19,23
East,22,6,21,10
East,17,18,16,22
East,25,26,13,18
East,3,8,12,9
East,31,12,31,12
East,14,27,14,27
East,28,15,18,18
East,18,13,17,17
East,16,28,16,28
East,5,20,14,21
East,13,14,12,18
East,19,20,9,23
East,29,8,19,11
East,9,22,20,22
East,4,1,4,1
East,0,29,11,29
East,29,15,19,18
East,20,19,19,23
East,18,21,8,24
East,30,18,18,10
East,28,2,18,5
East,30,26,18,18
East,23,28,11,20
East,21,16,20,20
East,14,0,14,0
East,3,19,12,20
East,2,2,2,2
East,17,23,17,23
East,20,18,19,22
East,28,29,16,21
East,10,3,10,3
East,30,6,30,6
East,3,29,14,29
East,15,10,14,14
East,23,5,22,9
East,24,0,24,0
East,18,11,17,15
East,17,9,16,13
East,2,9,11,10
East,27,31,27,31
East,0,30,11,30
East,29,22,17,14
East,16,11,15,15
East,4,10,13,11
East,4,29,15,29
East,1,18,10,19
East,1,28,12,28
East,28,25,16,17
East,16,24,16,24
East,25,17,12,13
East,8,26,19,26
East,6,9,15,10
East,9,6,9,6
East,25,4,15,7
East,31,14,31,14
East,15,1,15,1
East,8,2,8,2
East,2,20,11,21
East,8,10,17,11
East,13,27,13,27
East,5,16,14,17
East,2,30,13,30
East,13,24,13,24
East,27,21,17,24
East,15,19,14,23
East,25,13,24,17
East,24,30,24,30
East,13,13,12,17
East,29,12,19,15
East,24,28,12,20
East,18,22,18,22
East,21,1,13,7
East,5,6,5,6
East,3,2,3,2
East,9,10,18,11
East,12,1,12,1
East,24,13,23,17
East,24,20,14,23
East,23,16,10,12
East,30,31,30,31
East,23,15,10,11
East,4,18,13,19
East,6,13,15,14
East,17,31,17,31
East,31,16,31,16
East,27,24,15,16
East,18,8,17,12
East,12,29,12,29
East,21,21,11,24
East,26,20,16,23
East,16,12,15,16
East,18,6,17,10
East,13,1,13,1
East,8,16,17,17
East,16,30,16,30
East,13,9,12,13
East,28,30,28,30
East,25,5,24,9
East,10,9,19,10
East,21,29,9,21
East,1,31,12,31
East,2,12,11,13
East,9,9,18,10
East,12,30,12,30
East,9,28,20,28
East,24,5,23,9
East,18,0,18,0
East,4,19,13,20
East,5,27,16,27
East,10,27,10,27
East,24,10,23,14
East,25,7,24,11
East,26,16,13,12
East,15,20,5,23
East,10,4,10,4
East,11,3,11,3
East,0,13,9,14
East,21,31,21,31
East,30,15,30,15
East,8,6,8,6
East,2,16,11,17
East,12,18,11,22
East,12,12,11,16
East,8,20,17,21
East,2,25,13,25
East,3,0,3,0
East,12,8,11,12
East,17,24,17,24
East,23,13,22,17
East,13,6,12,10
East,18,31,18,31
East,25,0,25,0
East,23,27,11,19
East,2,18,11,19
East,8,28,19,28
East,14,7,13,11
East,28,3,18,6
East,10,14,19,15
East,15,28,15,28
East,23,10,22,14
East,25,18,12,14
East,0,15,9,16
East,25,27,13,19
East,17,12,16,16
East,17,22,17,22
East,29,14,19,17
East,11,5,11,5
East,2,13,11,14
East,30,14,30,14
East,6,0,6,0
East,16,31,16,31
East,5,21,6,24
East,19,19,18,23
East,27,2,17,5
East,5,8,14,9
East,3,14,12,15
East,22,22,10,14
East,29,21,19,24
East,8,13,17,14
East,4,12,13,13
East,14,15,13,19
East,10,1,10,1
East,15,11,14,15
East,14,8,13,12
East,25,2,15,5
East,22,10,21,14
East,12,11,11,15
East,25,19,12,15
East,5,29,16,29
East,18,14,17,18
East,29,11,19,14
East,8,15,17,16
East,17,0,17,0
East,11,10,20,11
East,6,17,15,18
East,11,6,11,6
East,30,19,18,11
East,26,23,14,15
East,3,31,14,31
East,19,9,18,13
East,19,7,18,11
East,7,27,18,27
East,0,27,11,27
East,19,2,9,5
East,2,29,13,29
East,15,27,15,27
East,17,1,17,1
East,6,31,17,31
East,29,6,19,9
East,19,22,19,22
East,27,19,17,22
East,3,26,14,26
East,19,24,19,24
East,2,5,2,5
East,8,17,17,18
East,21,17,20,21
East,25,30,25,30
East,10,6,10,6
East,15,29,15,29
East,27,17,17,20
East,7,23,18,23
East,9,21,10,24
East,3,15,12,16
East,0,19,9,20
East,7,30,18,30
East,29,29,17,21
East,6,28,17,28
East,25,24,13,16
East,7,29,18,29
East,21,18,20,22
East,30,21,18,13
East,31,23,19,15
East,30,22,18,14
East,28,19,18,22
East,30,4,30,4
East,3,23,14,23
East,18,18,17,22
East,5,9,14,10
East,7,5,7,5
East,28,18,18,21
East,20,2,10,5
East,5,31,16,31
East,30,5,30,5
East,13,16,12,20
East,24,2,14,5
East,24,17,11,13
East,26,31,26,31
East,22,24,10,16
East,10,29,10,29
East,16,0,16,0
East,1,21,2,24
East,1,10,10,11
East,8,8,17,9
East,16,5,15,9
East,4,24,15,24
East,1,7,1,7
East,31,31,31,31
East,10,8,19,9
East,29,10,19,13
East,5,3,5,3
East,29,3,19,6
East,7,21,8,24
East,22,27,10,19
East,2,28,13,28
East,24,31,24,31
East,26,22,14,14
East,19,1,19,1
East,28,21,18,24
East,9,7,9,7
East,19,23,19,23
East,17,28,17,28
East,11,28,11,28
East,21,24,9,16
East,14,20,4,23
East,17,16,16,20
East,30,13,30,13
East,26,21,16,24
East,19,11,18,15
East,22,17,9,13
East,29,17,19,20
East,6,18,15,19
East,13,22,10,15
East,6,27,17,27
East,15,0,15,0
East,17,13,16,17
East,6,4,6,4
East,4,30,15,30
East,17,21,7,24
East,23,6,22,10
East,3,7,3,7
East,0,31,11,31
East,20,25,20,25
East,9,17,18,18
East,0,4,0,4
East,20,21,10,24
East,11,21,20,22
East,19,10,18,14
East,29,28,17,20
East,26,12,25,16
East,15,15,14,19
East,28,8,18,11
East,30,0,30,0
East,3,27,14,27
East,23,8,22,12
East,7,15,16,16
East,21,20,11,23
East,18,19,17,23
East,8,0,8,0
East,19,8,18,12
East,24,23,12,15
East,24,4,14,7
East,4,13,13,14
East,10,13,19,14
East,17,30,17,30
East,17,20,7,23
East,22,23,10,15
East,24,1,16,7
East,12,5,11,9
East,11,12,20,13
East,21,30,21,30
East,26,13,25,17
East,6,8,15,9
East,25,9,24,13
East,17,17,16,21
East,19,6,18,10
East,14,11,13,15
East,27,1,19,7
East,31,25,19,17
East,12,27,12,27
East,21,14,20,18
East,6,30,17,30
East,19,21,9,24
East,2,15,11,16
East,19,25,19,25
East,9,18,18,19
East,31,3,31,3
East,14,10,13,14
East,13,21,3,24
East,12,4,2,7
East,22,28,10,20
East,4,22,12,15
East,13,12,12,16
East,5,24,16,24
East,30,23,18,15
East,14,24,14,24
East,4,0,4,0
East,4,31,15,31
East,0,22,20,23
East,2,23,13,23
East,3,3,3,3
East,12,13,11,17
East,26,8,25,12
East,13,31,13,31
East,18,28,18,28
East,16,15,15,19
East,2,7,2,7
East,22,16,9,12
East,19,12,18,16
East,9,31,20,31
East,11,27,11,27
East,12,19,11,23
East,13,17,12,21
East,24,24,12,16
East,7,26,18,26
East,19,31,19,31
East,9,25,20,25
East,29,2,19,5
East,29,5,19,8
East,13,4,3,7
East,16,19,15,23
East,30,11,30,11
East,5,0,5,0
East,9,14,18,15
East,9,1,9,1
East,0,12,9,13
East,16,7,15,11
East,11,8,20,9
East,15,17,14,21
East,8,27,19,27
East,25,3,15,6
East,9,5,9,5
East,26,15,13,11
East,20,28,20,28
East,8,4,8,4
East,28,16,18,19
East,20,27,20,27
East,30,8,30,8
East,15,4,5,7
East,23,17,10,13
East,18,2,8,5
East,14,17,13,21
East,30,30,30,30
East,7,7,7,7
East,26,28,14,20
East,26,1,18,7
East,11,15,20,16
East,17,7,16,11
East,6,19,15,20
East,20,23,20,23
East,11,24,11,24
East,12,9,11,13
East,30,3,30,3
East,22,0,22,0
East,9,16,18,17
East,15,21,5,24
East,28,24,16,16
East,19,15,18,19
East,27,6,17,9
East,20,30,20,30
East,16,29,16,29
East,4,4,4,4
East,18,15,17,19
East,20,9,19,13
East,9,8,18,9
East,10,10,19,11
East,31,0,31,0
East,31,21,19,13
East,22,19,9,15
East,16,1,16,1
East,0,2,0,2
East,19,13,18,17
East,18,16,17,20
East,22,30,22,30
East,31,28,19,20
East,17,3,7,6
East,31,5,31,5
East,31,17,31,17
East,3,25,14,25
East,24,29,12,21
East,25,20,15,23
East,1,19,10,20
East,11,11,20,12
East,13,2,3,5
East,27,30,27,30
East,28,7,18,10
East,0,26,11,26
East,10,21,19,22
East,23,24,11,16
East,22,11,21,15
East,31,29,19,21
East,4,28,15,28
East,26,27,14,19
East,18,25,18,25
East,18,3,8,6
East,21,7,20,11
East,28,20,18,23
East,22,1,14,7
East,17,5,16,9
East,11,19,20,20
East,9,13,18,14
East,29,7,19,10
East,27,8,17,11
East,17,2,7,5
East,26,7,25,11
East,6,3,6,3
East,11,29,11,29
East,1,14,10,15
East,22,13,21,17
East,26,2,16,5
East,23,25,11,17
East,27,22,15,14
East,0,5,0,5
East,10,7,10,7
East,23,22,11,14
East,1,5,1,5
East,10,17,19,18
East,8,3,8,3
East,4,3,4,3
East,8,9,17,10
East,1,22,9,15
East,9,19,18,20
East,22,3,12,6
East,8,22,19,22
East,16,10,15,14
East,20,17,19,21
East,4,6,4,6
East,0,0,0,0
East,3,11,12,12
East,29,27,17,19
East,11,2,11,2
East,11,22,20,23
East,22,14,9,10
East,29,24,17,16
East,10,24,10,24
East,2,6,2,6
East,22,4,12,7
East,18,5,17,9
East,20,29,20,29
East,28,6,18,9
East,4,23,15,23
East,20,16,19,20
East,9,20,18,21
East,20,3,10,6
East,31,8,31,8
East,21,12,20,16
East,3,1,3,1
East,3,22,11,15
East,1,3,1,3
East,16,22,13,15
East,12,2,2,5
East,13,7,12,11
East,23,26,11,18
East,21,23,9,15
East,27,20,17,23
East,26,14,13,10
East,14,5,13,9
East,25,29,13,21
East,3,21,4,24
East,5,7,5,7
East,2,31,13,31
East,21,22,9,14
East,7,18,16,19
East,6,15,15,16
East,15,7,14,11
East,8,29,19,29
East,16,18,15,22
East,1,16,10,17
East,30,2,30,2
East,13,0,13,0
East,25,16,12,12
East,28,4,18,7
East,19,29,19,29
East,25,23,13,15
East,11,26,11,26
East,31,6,31,6
East,0,23,11,23
East,25,10,24,14
East,24,19,11,15
East,8,25,19,25
East,20,11,19,15
East,29,20,19,23
East,1,17,10,18
East,18,30,18,30
East,13,18,12,22
East,2,1,2,1
East,3,30,14,30
East,9,23,20,23
East,4,14,13,15
East,5,12,14,13
East,26,9,25,13
East,7,8,16,9
East,15,3,5,6
East,24,9,23,13
East,7,14,16,15
East,4,20,13,21
East,11,18,20,19
East,19,18,18,22
East,17,8,16,12
East,12,28,12,28
East,22,12,21,16
East,7,24,18,24
East,17,25,17,25
East,6,10,15,11
East,27,10,17,13
East,26,4,16,7
East,12,24,12,24
East,25,12,24,16
East,15,6,14,10
East,13,10,12,14
East,10,2,10,2
East,29,23,17,15
East,20,15,19,19
East,15,2,5,5
East,7,17,16,18
East,8,23,19,23
East,1,29,12,29
East,13,29,13,29
East,15,12,14,16
East,5,23,16,23
East,15,24,15,24
East,21,5,20,9
East,11,1,11,1
East,10,20,19,21
East,5,4,5,4
East,25,28,13,20
East,13,23,13,23
East,15,25,15,25
East,7,25,18,25
East,1,4,1,4
East,14,9,13,13
East,27,13,17,16
East,23,20,13,23
East,12,17,11,21
East,20,1,12,7
East,8,30,19,30
East,12,6,11,10
East,18,10,17,14
East,0,6,0,6
East,16,20,6,23
East,0,11,9,12
East,14,31,14,31
East,23,11,22,15
East,2,3,2,3
East,1,9,10,10
East,8,19,17,20
East,31,18,19,10
East,8,7,8,7
East,30,16,30,16
East,23,4,13,7
East,12,31,12,31
East,19,0,19,0
East,13,25,13,25
East,6,21,7,24
East,26,26,14,18
East,20,24,20,24
East,2,10,11,11
East,21,15,20,19
East,9,12,18,13
East,1,27,12,27
East,31,19,19,11
East,8,5,8,5
East,21,9,20,13
East,12,26,12,26
East,13,19,12,23
East,12,16,11,20
East,17,29,17,29
East,1,1,1,1
East,29,13,19,16
East,16,13,15,17
East,24,12,23,16
East,25,14,12,10
East,16,14,15,18
East,18,17,17,21
East,23,7,22,11
East,18,29,18,29
East,30,7,30,7
East,31,7,31,7
East,10,30,10,30
East,25,25,13,17
East,14,22,11,15
East,10,19,19,20
East,16,17,15,21
East,21,8,20,12
East,7,16,16,17
East,24,8,23,12
East,27,15,17,18
East,23,0,23,0
East,31,9,31,9
East,16,8,15,12
East,8,24,19,24
East,3,24,14,24
East,28,27,16,19
East,31,2,31,2
East,16,26,16,26
East,0,25,11,25
East,11,16,20,17
East,6,22,17,22
East,1,26,12,26
East,21,13,20,17
East,15,5,14,9
East,25,11,24,15
East,1,30,12,30
East,7,28,18,28
East,5,26,16,26
East,14,30,14,30
East,0,10,9,11
East,23,31,23,31
East,26,3,16,6
East,16,4,6,7
East,20,5,19,9
East,22,21,12,24
East,0,3,0,3
East,3,17,12,18
East,10,11,19,12
East,20,31,20,31
East,9,24,20,24
East,29,25,17,17
East,18,9,17,13
East,0,8,9,9
East,7,10,16,11
East,19,26,19,26
East,28,12,18,15
East,0,1,0,1
East,21,27,9,19
East,5,13,14,14
East,31,1,31,1
East,20,20,10,23
East,3,10,12,11
East,31,30,31,30
East,31,26,19,18
East,11,23,11,23
East,26,6,25,10
East,4,21,5,24
East,31,22,19,14
East,21,0,21,0
East,6,6,6,6
East,14,3,4,6
East,24,26,12,18
East,21,6,20,10
East,11,25,11,25
East,2,24,13,24
East,13,8,12,12
East,5,5,5,5
East,1,0,1,0
East,12,10,11,14
East,26,24,14,16
East,16,23,16,23
East,13,5,12,9
East,22,2,12,5
East,19,4,9,7
East,1,2,1,2
East,19,28,19,28
East,0,16,9,17
East,10,5,10,5
East,9,3,9,3
East,18,20,8,23
East,13,11,12,15
East,4,17,13,18
East,9,2,9,2
East,3,18,12,19
East,28,13,18,16
East,7,1,7,1
East,7,4,7,4
East,30,20,18,12
East,6,16,15,17
East,4,16,13,17
East,21,11,20,15
East,8,31,19,31
East,9,4,9,4
East,17,19,16,23
East,11,20,20,21
East,5,10,14,11
East,30,12,30,12
East,29,30,29,30
East,7,22,18,22
East,12,14,11,18
East,27,3,17,6
East,17,11,16,15
East,22,20,12,23
East,0,14,9,15
East,6,23,17,23
East,23,9,22,13
East,2,4,2,4
East,11,9,20,10
East,5,15,14,16
East,4,26,15,26
East,28,11,18,14
East,10,31,10,31
East,27,18,17,21
East,29,18,19,21
East,5,11,14,12
East,9,0,9,0
East,12,3,2,6
East,7,6,7,6
East,5,17,14,18
East,10,12,19,13
East,23,14,10,10
East,14,4,4,7
East,24,16,11,12
East,1,11,10,12
East,21,2,11,5
East,21,19,20,23
East,2,21,3,24
East,19,17,18,21
East,12,23,12,23
East,29,0,29,0
East,29,31,29,31
East,20,26,20,26
East,1,24,12,24
East,14,2,4,5
East,27,26,15,18
East,14,16,13,20
East,23,12,22,16
East,14,6,13,10
East,26,19,13,15
East,6,26,17,26
East,13,20,3,23
East,14,12,13,16
East,9,26,20,26
East,13,26,13,26
East,22,5,21,9
East,0,9,9,10
East,25,1,17,7
East,2,11,11,12
East,27,11,17,14
East,18,12,17,16
East,3,16,12,17
East,30,10,30,10
East,20,10,19,14
East,23,1,15,7
East,24,7,23,11
East,20,8,19,12
East,17,4,7,7
East,2,0,2,0
East,18,23,18,23
East,5,22,13,15
East,13,28,13,28
East,8,18,17,19
East,21,25,9,17
East,14,18,13,22
East,26,0,26,0
East,23,18,10,14
East,2,19,11,20
East,29,4,19,7
East,16,25,16,25
East,21,26,9,18
East,23,2,13,5
East,28,26,16,18
East,23,23,11,15
East,27,28,15,20
East,2,8,11,9
East,0,24,11,24
East,8,11,17,12
East,27,25,15,17
East,10,15,19,16
East,3,20,12,21
East,0,20,9,21
East,24,25,12,17
East,6,29,17,29
East,26,11,25,15
East,28,31,28,31
East,31,15,31,15
East,27,14,17,17
East,9,29,20,29
East,15,23,15,23
East,29,19,19,22
East,1,12,10,13
East,7,3,7,3
East,21,28,9,20
East,26,10,25,14
East,25,21,15,24
East,14,28,14,28
East,1,25,12,25
East,1,23,12,23
East,6,2,6,2
East,14,21,4,24
East,3,5,3,5
East,15,31,15,31
East,28,23,16,15
East,16,9,15,13
East,10,23,10,23
East,26,17,13,13
East,1,8,10,9
East,20,6,19,10
East,3,4,3,4
East,27,7,17,10
East,13,30,13,30
East,13,3,3,6
East,31,13,31,13
East,19,30,19,30
East,16,21,6,24
East,19,5,18,9
East,14,26,14,26
East,31,4,31,4
East,21,10,20,14
East,18,4,8,7
East,11,4,11,4
East,31,11,31,11
East,11,0,11,0
East,14,14,13,18
East,12,7,11,11
East,28,28,16,20
East,28,9,18,12
East,26,25,14,17
East,25,31,25,31
East,28,10,18,13
East,2,17,11,18
East,7,0,7,0
East,29,1,29,1
East,27,23,15,15
East,19,27,19,27
East,15,13,14,17
East,24,14,11,10
East,23,3,13,6
East,9,15,18,16
East,14,19,13,23
East,28,17,18,20
East,21,4,11,7
East,30,1,30,1
East,29,26,17,18
East,11,30,11,30
East,28,1,20,7
West,23,21,21,22
West,26,5,26,5
West,27,16,10,13
West,24,6,24,6
West,15,14,6,15
West,3,12,20,19
West,15,30,15,30
West,12,15,12,15
West,16,2,16,2
West,14,23,14,23
West,15,22,6,23
West,4,2,21,9
West,2,27,10,23
West,20,7,20,7
West,16,27,16,27
West,19,14,10,15
West,6,24,14,20
West,5,19,13,15
West,30,28,11,24
West,7,9,24,16
West,22,25,11,25
West,7,12,24,19
West,11,31,11,31
West,5,25,13,21
West,3,13,3,13
West,3,9,20,16
West,5,2,22,9
West,20,13,11,14
West,26,18,9,15
West,25,8,16,9
West,3,6,20,13
West,6,25,14,21
West,22,7,22,7
West,8,12,25,19
West,30,27,11,23
West,11,7,11,7
West,30,29,11,25
West,28,5,28,5
West,28,0,28,0
West,18,24,18,24
West,29,16,12,13
West,3,28,11,24
West,5,30,13,26
West,0,17,8,13
West,23,30,12,30
West,14,25,14,25
West,6,1,14,7
West,12,21,20,17
West,22,18,13,19
West,31,27,31,27
West,18,7,18,7
West,28,14,19,15
West,24,22,22,23
West,0,28,8,24
West,12,25,20,21
West,17,26,17,26
West,30,24,11,20
West,0,18,8,14
West,19,3,19,3
West,6,5,23,12
West,13,15,13,15
West,14,13,5,14
West,1,20,9,16
West,4,25,12,21
West,17,6,17,6
West,0,7,0,7
West,10,0,10,0
West,16,6,16,6
West,18,27,18,27
West,6,7,23,14
West,6,12,23,19
West,27,29,16,29
West,18,1,18,1
West,5,14,5,14
West,27,5,27,5
West,7,20,15,16
West,4,5,21,12
West,16,16,7,17
West,22,26,11,26
West,27,4,27,4
West,26,30,15,30
West,22,31,11,31
West,16,3,16,3
West,12,20,20,16
West,29,9,20,10
West,14,1,14,1
West,4,7,21,14
West,9,11,9,13
West,6,11,23,18
West,22,8,13,9
West,11,17,19,13
West,10,18,18,14
West,5,28,13,24
West,5,1,13,7
West,22,15,13,16
West,24,21,22,22
West,8,21,16,17
West,17,15,8,16
West,1,13,1,13
West,20,0,20,0
West,10,16,18,12
West,18,26,18,26
West,24,11,15,12
West,6,20,14,16
West,24,18,15,19
West,23,29,12,29
West,11,14,11,14
West,11,13,11,13
West,24,3,24,3
West,23,19,14,20
West,28,22,9,18
West,4,15,4,15
West,25,15,16,16
West,30,9,21,10
West,4,11,21,18
West,31,20,31,20
West,15,9,6,10
West,15,8,6,9
West,25,22,23,23
West,27,12,18,13
West,9,27,17,23
West,20,14,11,15
West,15,26,15,26
West,17,10,8,11
West,14,29,14,29
West,22,9,13,10
West,25,6,25,6
West,12,22,20,18
West,19,16,10,17
West,26,29,15,29
West,10,25,18,21
West,6,14,6,14
West,21,3,21,3
West,8,1,16,7
West,27,0,27,0
West,8,14,8,14
West,30,25,11,21
West,15,18,6,19
West,7,11,24,18
West,5,18,13,14
West,31,24,31,24
West,27,27,16,27
West,7,19,15,15
West,15,16,6,17
West,20,22,11,23
West,2,22,10,18
West,31,10,31,10
West,12,0,12,0
West,1,15,1,15
West,20,12,11,13
West,7,31,7,31
West,22,29,11,29
West,4,27,12,23
West,27,9,18,10
West,2,26,10,22
West,4,9,21,16
West,24,27,13,27
West,20,4,20,4
West,17,27,17,27
West,30,17,13,14
West,7,2,24,9
West,0,21,8,17
West,17,14,8,15
West,7,13,7,13
West,4,8,21,15
West,9,30,17,26
West,24,15,15,16
West,1,6,1,6
West,10,26,18,22
West,2,14,2,14
West,10,28,18,24
West,10,22,18,18
West,22,6,22,6
West,17,18,8,19
West,25,26,14,26
West,3,8,20,15
West,31,12,31,12
West,14,27,14,27
West,28,15,11,12
West,18,13,9,14
West,16,28,16,28
West,5,20,13,16
West,13,14,13,14
West,19,20,10,21
West,29,8,20,9
West,9,22,17,18
West,4,1,12,7
West,0,29,8,25
West,29,15,12,12
West,20,19,11,20
West,18,21,9,22
West,30,18,13,15
West,28,2,28,2
West,30,26,11,22
West,23,28,12,28
West,21,16,12,17
West,14,0,14,0
West,3,19,11,15
West,2,2,19,9
West,17,23,17,23
West,20,18,11,19
West,28,29,9,25
West,10,3,18,9
West,30,6,30,6
West,3,29,11,25
West,15,10,6,11
West,23,5,23,5
West,24,0,24,0
West,18,11,9,12
West,17,9,8,10
West,2,9,19,16
West,27,31,16,31
West,0,30,8,26
West,29,22,10,18
West,16,11,7,12
West,4,10,21,17
West,4,29,12,25
West,1,18,9,14
West,1,28,9,24
West,28,25,9,21
West,16,24,16,24
West,25,17,16,18
West,8,26,16,22
West,6,9,23,16
West,9,6,17,12
West,25,4,25,4
West,31,14,31,14
West,15,1,15,1
West,8,2,25,9
West,2,20,10,16
West,8,10,25,17
West,13,27,21,23
West,5,16,13,12
West,2,30,10,26
West,13,24,21,20
West,27,21,25,22
West,15,19,6,20
West,25,13,16,14
West,24,30,13,30
West,13,13,13,13
West,29,12,20,13
West,24,28,13,28
West,18,22,9,23
West,21,1,21,1
West,5,6,22,13
West,3,2,20,9
West,9,10,9,12
West,12,1,12,1
West,24,13,15,14
West,24,20,15,21
West,23,16,14,17
West,30,31,19,31
West,23,15,14,16
West,4,18,12,14
West,6,13,6,13
West,17,31,17,31
West,31,16,31,16
West,27,24,16,24
West,18,8,9,9
West,12,29,20,25
West,21,21,19,22
West,26,20,9,17
West,16,12,7,13
West,18,6,18,6
West,13,1,13,1
West,8,16,16,12
West,16,30,16,30
West,13,9,13,9
West,28,30,9,26
West,25,5,25,5
West,10,9,18,15
West,21,29,10,29
West,1,31,1,31
West,2,12,19,19
West,9,9,17,15
West,12,30,20,26
West,9,28,17,24
West,24,5,24,5
West,18,0,18,0
West,4,19,12,15
West,5,27,13,23
West,10,27,18,23
West,24,10,15,11
West,25,7,25,7
West,26,16,9,13
West,15,20,6,21
West,10,4,18,10
West,11,3,11,3
West,0,13,0,13
West,21,31,10,31
West,30,15,13,12
West,8,6,25,13
West,2,16,10,12
West,12,18,20,14
West,12,12,12,12
West,8,20,16,16
West,2,25,10,21
West,3,0,3,0
West,12,8,12,8
West,17,24,17,24
West,23,13,14,14
West,13,6,13,6
West,18,31,18,31
West,25,0,25,0
West,23,27,12,27
West,2,18,10,14
West,8,28,16,24
West,14,7,14,7
West,28,3,28,3
West,10,14,10,14
West,15,28,15,28
West,23,10,14,11
West,25,18,16,19
West,0,15,0,15
West,25,27,14,27
West,17,12,8,13
West,17,22,8,23
West,29,14,20,15
West,11,5,11,5
West,2,13,2,13
West,30,14,21,15
West,6,0,6,0
West,16,31,16,31
West,5,21,13,17
West,19,19,10,20
West,27,2,27,2
West,5,8,22,15
West,3,14,3,14
West,22,22,20,23
West,29,21,10,17
West,8,13,8,13
West,4,12,21,19
West,14,15,5,16
West,10,1,18,7
West,15,11,6,12
West,14,8,5,9
West,25,2,25,2
West,22,10,13,11
West,12,11,12,11
West,25,19,16,20
West,5,29,13,25
West,18,14,9,15
West,29,11,20,12
West,8,15,8,15
West,17,0,17,0
West,11,10,11,10
West,6,17,14,13
West,11,6,11,6
West,30,19,13,16
West,26,23,15,23
West,3,31,3,31
West,19,9,10,10
West,19,7,19,7
West,7,27,15,23
West,0,27,8,23
West,19,2,19,2
West,2,29,10,25
West,15,27,15,27
West,17,1,17,1
West,6,31,6,31
West,29,6,29,6
West,19,22,10,23
West,27,19,10,16
West,3,26,11,22
West,19,24,19,24
West,2,5,19,12
West,8,17,16,13
West,21,17,12,18
West,25,30,14,30
West,10,6,18,12
West,15,29,15,29
West,27,17,10,14
West,7,23,15,19
West,9,21,17,17
West,3,15,3,15
West,0,19,8,15
West,7,30,15,26
West,29,29,10,25
West,6,28,14,24
West,25,24,14,24
West,7,29,15,25
West,21,18,12,19
West,30,21,11,17
West,31,23,31,23
West,30,22,11,18
West,28,19,11,16
West,30,4,30,4
West,3,23,11,19
West,18,18,9,19
West,5,9,22,16
West,7,5,24,12
West,28,18,11,15
West,20,2,20,2
West,5,31,5,31
West,30,5,30,5
West,13,16,21,12
West,24,2,24,2
West,24,17,15,18
West,26,31,15,31
West,22,24,11,24
West,10,29,18,25
West,16,0,16,0
West,1,21,9,17
West,1,10,1,10
West,8,8,25,15
West,16,5,16,5
West,4,24,12,20
West,1,7,1,7
West,31,31,31,31
West,10,8,18,14
West,29,10,20,11
West,5,3,22,10
West,29,3,29,3
West,7,21,15,17
West,22,27,11,27
West,2,28,10,24
West,24,31,13,31
West,26,22,24,23
West,19,1,19,1
West,28,21,9,17
West,9,7,17,13
West,19,23,19,23
West,17,28,17,28
West,11,28,19,24
West,21,24,10,24
West,14,20,5,21
West,17,16,8,17
West,30,13,21,14
West,26,21,24,22
West,19,11,10,12
West,22,17,13,18
West,29,17,12,14
West,6,18,14,14
West,13,22,21,18
West,6,27,14,23
West,15,0,15,0
West,17,13,8,14
West,6,4,23,11
West,4,30,12,26
West,17,21,8,22
West,23,6,23,6
West,3,7,20,14
West,0,31,0,31
West,20,25,20,25
West,9,17,17,13
West,0,4,0,4
West,20,21,11,22
West,11,21,19,17
West,19,10,10,11
West,29,28,10,24
West,26,12,17,13
West,15,15,6,16
West,28,8,19,9
West,30,0,30,0
West,3,27,11,23
West,23,8,14,9
West,7,15,7,15
West,21,20,12,21
West,18,19,9,20
West,8,0,8,0
West,19,8,10,9
West,24,23,13,23
West,24,4,24,4
West,4,13,4,13
West,10,13,10,13
West,17,30,17,30
West,17,20,8,21
West,22,23,11,23
West,24,1,24,1
West,12,5,12,5
West,11,12,11,12
West,21,30,10,30
West,26,13,17,14
West,6,8,23,15
West,25,9,16,10
West,17,17,8,18
West,19,6,19,6
West,14,11,5,12
West,27,1,27,1
West,31,25,31,25
West,12,27,20,23
West,21,14,12,15
West,6,30,14,26
West,19,21,10,22
West,2,15,2,15
West,19,25,19,25
West,9,18,17,14
West,31,3,31,3
West,14,10,5,11
West,13,21,21,17
West,12,4,12,4
West,22,28,11,28
West,4,22,12,18
West,13,12,13,12
West,5,24,13,20
West,30,23,11,19
West,14,24,14,24
West,4,0,4,0
West,4,31,4,31
West,0,22,8,18
West,2,23,10,19
West,3,3,20,10
West,12,13,12,13
West,26,8,17,9
West,13,31,13,31
West,18,28,18,28
West,16,15,7,16
West,2,7,19,14
West,22,16,13,17
West,19,12,10,13
West,9,31,9,31
West,11,27,19,23
West,12,19,20,15
West,13,17,21,13
West,24,24,13,24
West,7,26,15,22
West,19,31,19,31
West,9,25,17,21
West,29,2,29,2
West,29,5,29,5
West,13,4,13,4
West,16,19,7,20
West,30,11,21,12
West,5,0,5,0
West,9,14,9,14
West,9,1,17,7
West,0,12,0,12
West,16,7,16,7
West,11,8,11,8
West,15,17,6,18
West,8,27,16,23
West,25,3,25,3
West,9,5,17,11
West,26,15,9,12
West,20,28,20,28
West,8,4,25,11
West,28,16,11,13
West,20,27,20,27
West,30,8,21,9
West,15,4,15,4
West,23,17,14,18
West,18,2,18,2
West,14,17,5,18
West,30,30,11,26
West,7,7,24,14
West,26,28,15,28
West,26,1,26,1
West,11,15,11,15
West,17,7,17,7
West,6,19,14,15
West,20,23,20,23
West,11,24,19,20
West,12,9,12,9
West,30,3,30,3
West,22,0,22,0
West,9,16,17,12
West,15,21,6,22
West,28,24,9,20
West,19,15,10,16
West,27,6,27,6
West,20,30,20,30
West,16,29,16,29
West,4,4,21,11
West,18,15,9,16
West,20,9,11,10
West,9,8,17,14
West,10,10,10,12
West,31,0,31,0
West,31,21,31,21
West,22,19,13,20
West,16,1,16,1
West,0,2,0,2
West,19,13,10,14
West,18,16,9,17
West,22,30,11,30
West,31,28,31,28
West,17,3,17,3
West,31,5,31,5
West,31,17,31,17
West,3,25,11,21
West,24,29,13,29
West,25,20,16,21
West,1,19,9,15
West,11,11,11,11
West,13,2,13,2
West,27,30,16,30
West,28,7,28,7
West,0,26,8,22
West,10,21,18,17
West,23,24,12,24
West,22,11,13,12
West,31,29,31,29
West,4,28,12,24
West,26,27,15,27
West,18,25,18,25
West,18,3,18,3
West,21,7,21,7
West,28,20,11,17
West,22,1,22,1
West,17,5,17,5
West,11,19,19,15
West,9,13,9,13
West,29,7,29,7
West,27,8,18,9
West,17,2,17,2
West,26,7,26,7
West,6,3,23,10
West,11,29,19,25
West,1,14,1,14
West,22,13,13,14
West,26,2,26,2
West,23,25,12,25
West,27,22,25,23
West,0,5,0,5
West,10,7,18,13
West,23,22,21,23
West,1,5,1,5
West,10,17,18,13
West,8,3,25,10
West,4,3,21,10
West,8,9,25,16
West,1,22,9,18
West,9,19,17,15
West,22,3,22,3
West,8,22,16,18
West,16,10,7,11
West,20,17,11,18
West,4,6,21,13
West,0,0,0,0
West,3,11,20,18
West,29,27,10,23
West,11,2,11,2
West,11,22,19,18
West,22,14,13,15
West,29,24,10,20
West,10,24,18,20
West,2,6,19,13
West,22,4,22,4
West,18,5,18,5
West,20,29,20,29
West,28,6,28,6
West,4,23,12,19
West,20,16,11,17
West,9,20,17,16
West,20,3,20,3
West,31,8,31,8
West,21,12,12,13
West,3,1,11,7
West,3,22,11,18
West,1,3,1,3
West,16,22,7,23
West,12,2,12,2
West,13,7,13,7
West,23,26,12,26
West,21,23,10,23
West,27,20,10,17
West,26,14,17,15
West,14,5,14,5
West,25,29,14,29
West,3,21,11,17
West,5,7,22,14
West,2,31,2,31
West,21,22,19,23
West,7,18,15,14
West,6,15,6,15
West,15,7,15,7
West,8,29,16,25
West,16,18,7,19
West,1,16,9,12
West,30,2,30,2
West,13,0,13,0
West,25,16,16,17
West,28,4,28,4
West,19,29,19,29
West,25,23,14,23
West,11,26,19,22
West,31,6,31,6
West,0,23,8,19
West,25,10,16,11
West,24,19,15,20
West,8,25,16,21
West,20,11,11,12
West,29,20,12,17
West,1,17,9,13
West,18,30,18,30
West,13,18,21,14
West,2,1,10,7
West,3,30,11,26
West,9,23,17,19
West,4,14,4,14
West,5,12,22,19
West,26,9,17,10
West,7,8,24,15
West,15,3,15,3
West,24,9,15,10
West,7,14,7,14
West,4,20,12,16
West,11,18,19,14
West,19,18,10,19
West,17,8,8,9
West,12,28,20,24
West,22,12,13,13
West,7,24,15,20
West,17,25,17,25
West,6,10,23,17
West,27,10,18,11
West,26,4,26,4
West,12,24,20,20
West,25,12,16,13
West,15,6,15,6
West,13,10,13,10
West,10,2,18,8
West,29,23,10,19
West,20,15,11,16
West,15,2,15,2
West,7,17,15,13
West,8,23,16,19
West,1,29,9,25
West,13,29,21,25
West,15,12,6,13
West,5,23,13,19
West,15,24,15,24
West,21,5,21,5
West,11,1,11,1
West,10,20,18,16
West,5,4,22,11
West,25,28,14,28
West,13,23,21,19
West,15,25,15,25
West,7,25,15,21
West,1,4,1,4
West,14,9,5,10
West,27,13,18,14
West,23,20,14,21
West,12,17,20,13
West,20,1,20,1
West,8,30,16,26
West,12,6,12,6
West,18,10,9,11
West,0,6,0,6
West,16,20,7,21
West,0,11,0,11
West,14,31,14,31
West,23,11,14,12
West,2,3,19,10
West,1,9,1,9
West,8,19,16,15
West,31,18,31,18
West,8,7,25,14
West,30,16,13,13
West,23,4,23,4
West,12,31,12,31
West,19,0,19,0
West,13,25,21,21
West,6,21,14,17
West,26,26,15,26
West,20,24,20,24
West,2,10,19,17
West,21,15,12,16
West,9,12,9,14
West,1,27,9,23
West,31,19,31,19
West,8,5,25,12
West,21,9,12,10
West,12,26,20,22
West,13,19,21,15
West,12,16,20,12
West,17,29,17,29
West,1,1,1,1
West,29,13,20,14
West,16,13,7,14
West,24,12,15,13
West,25,14,16,15
West,16,14,7,15
West,18,17,9,18
West,23,7,23,7
West,18,29,18,29
West,30,7,30,7
West,31,7,31,7
West,10,30,18,26
West,25,25,14,25
West,14,22,5,23
West,10,19,18,15
West,16,17,7,18
West,21,8,12,9
West,7,16,15,12
West,24,8,15,9
West,27,15,10,12
West,23,0,23,0
West,31,9,31,9
West,16,8,7,9
West,8,24,16,20
West,3,24,11,20
West,28,27,9,23
West,31,2,31,2
West,16,26,16,26
West,0,25,8,21
West,11,16,19,12
West,6,22,14,18
West,1,26,9,22
West,21,13,12,14
West,15,5,15,5
West,25,11,16,12
West,1,30,9,26
West,7,28,15,24
West,5,26,13,22
West,14,30,14,30
West,0,10,0,10
West,23,31,12,31
West,26,3,26,3
West,16,4,16,4
West,20,5,20,5
West,22,21,20,22
West,0,3,0,3
West,3,17,11,13
West,10,11,10,13
West,20,31,20,31
West,9,24,17,20
West,29,25,10,21
West,18,9,9,10
West,0,8,0,8
West,7,10,24,17
West,19,26,19,26
West,28,12,19,13
West,0,1,0,1
West,21,27,10,27
West,5,13,5,13
West,31,1,31,1
West,20,20,11,21
West,3,10,20,17
West,31,30,31,30
West,31,26,31,26
West,11,23,19,19
West,26,6,26,6
West,4,21,12,17
West,31,22,31,22
West,21,0,21,0
West,6,6,23,13
West,14,3,14,3
West,24,26,13,26
West,21,6,21,6
West,11,25,19,21
West,2,24,10,20
West,13,8,13,8
West,5,5,22,12
West,1,0,1,0
West,12,10,12,10
West,26,24,15,24
West,16,23,16,23
West,13,5,13,5
West,22,2,22,2
West,19,4,19,4
West,1,2,1,2
West,19,28,19,28
West,0,16,8,12
West,10,5,18,11
West,9,3,17,9
West,18,20,9,21
West,13,11,13,11
West,4,17,12,13
West,9,2,17,8
West,3,18,11,14
West,28,13,19,14
West,7,1,15,7
West,7,4,24,11
West,30,20,13,17
West,6,16,14,12
West,4,16,12,12
West,21,11,12,12
West,8,31,8,31
West,9,4,17,10
West,17,19,8,20
West,11,20,19,16
West,5,10,22,17
West,30,12,21,13
West,29,30,10,26
West,7,22,15,18
West,12,14,12,14
West,27,3,27,3
West,17,11,8,12
West,22,20,13,21
West,0,14,0,14
West,6,23,14,19
West,23,9,14,10
West,2,4,19,11
West,11,9,11,9
West,5,15,5,15
West,4,26,12,22
West,28,11,19,12
West,10,31,10,31
West,27,18,10,15
West,29,18,12,15
West,5,11,22,18
West,9,0,9,0
West,12,3,12,3
West,7,6,24,13
West,5,17,13,13
West,10,12,10,14
West,23,14,14,15
West,14,4,14,4
West,24,16,15,17
West,1,11,1,11
West,21,2,21,2
West,21,19,12,20
West,2,21,10,17
West,19,17,10,18
West,12,23,20,19
West,29,0,29,0
West,29,31,18,31
West,20,26,20,26
West,1,24,9,20
West,14,2,14,2
West,27,26,16,26
West,14,16,5,17
West,23,12,14,13
West,14,6,14,6
West,26,19,9,16
West,6,26,14,22
West,13,20,21,16
West,14,12,5,13
West,9,26,17,22
West,13,26,21,22
West,22,5,22,5
West,0,9,0,9
West,25,1,25,1
West,2,11,19,18
West,27,11,18,12
West,18,12,9,13
West,3,16,11,12
West,30,10,21,11
West,20,10,11,11
West,23,1,23,1
West,24,7,24,7
West,20,8,11,9
West,17,4,17,4
West,2,0,2,0
West,18,23,18,23
West,5,22,13,18
West,13,28,21,24
West,8,18,16,14
West,21,25,10,25
West,14,18,5,19
West,26,0,26,0
West,23,18,14,19
West,2,19,10,15
West,29,4,29,4
West,16,25,16,25
West,21,26,10,26
West,23,2,23,2
West,28,26,9,22
West,23,23,12,23
West,27,28,16,28
West,2,8,19,15
West,0,24,8,20
West,8,11,25,18
West,27,25,16,25
West,10,15,10,15
West,3,20,11,16
West,0,20,8,16
West,24,25,13,25
West,6,29,14,25
West,26,11,17,12
West,28,31,17,31
West,31,15,31,15
West,27,14,18,15
West,9,29,17,25
West,15,23,15,23
West,29,19,12,16
West,1,12,1,12
West,7,3,24,10
West,21,28,10,28
West,26,10,17,11
West,25,21,23,22
West,14,28,14,28
West,1,25,9,21
West,1,23,9,19
West,6,2,23,9
West,14,21,5,22
West,3,5,20,12
West,15,31,15,31
West,28,23,9,19
West,16,9,7,10
West,10,23,18,19
West,26,17,9,14
West,1,8,1,8
West,20,6,20,6
West,3,4,20,11
West,27,7,27,7
West,13,30,21,26
West,13,3,13,3
West,31,13,31,13
West,19,30,19,30
West,16,21,7,22
West,19,5,19,5
West,14,26,14,26
West,31,4,31,4
West,21,10,12,11
West,18,4,18,4
West,11,4,11,4
West,31,11,31,11
West,11,0,11,0
West,14,14,5,15
West,12,7,12,7
West,28,28,9,24
West,28,9,19,10
West,26,25,15,25
West,25,31,14,31
West,28,10,19,11
West,2,17,10,13
West,7,0,7,0
West,29,1,29,1
West,27,23,16,23
West,19,27,19,27
West,15,13,6,14
West,24,14,15,15
West,23,3,23,3
West,9,15,9,15
West,14,19,5,20
West,28,17,11,14
West,21,4,21,4
West,30,1,30,1
West,29,26,10,22
West,11,30,19,26
West,28,1,28,1